customer_id,age,gender,city,signup_date,tenure_months,annual_income,num_transactions,monthly_spend,last_purchase_amount,support_tickets,satisfaction_score,membership_type,churn
CUST00475,45.0,Female,Pune,2023-08-07,4,,16,193.77,263.54,1,4.0,Basic,0
CUST00186,56.0,nan,Bangalore,2022-09-21,15,61891.06,12,2574.13,2778.47,3,5.0,Basic,0
CUST00044,41.0,Female,Chennai,2023-04-22,8,56254.01,12,3187.03,4693.52,1,2.0,Basic,1
CUST01443,21.0,Female,Mumbai,2023-04-09,8,47544.17,11,795.7,396.07,0,3.0,Silver,0
CUST00061,18.0,Male,Hyderabad,2020-09-27,39,20073.7,51,1204.58,812.91,2,3.0,Platinum,0
CUST01333,49.0,Female,Mumbai,2023-10-31,2,47448.07,1,1262.12,382.79,2,2.0,Platinum,0
CUST00531,34.0,Female,Bangalore,2022-04-18,20,44052.52,24,0.0,0.0,2,4.0,Basic,0
CUST00410,22.0,Other,Lucknow,2022-04-06,21,49748.22,27,542.87,793.61,0,1.0,Basic,0
CUST00900,20.0,Female,Mumbai,2023-01-17,11,,19,0.0,0.0,0,5.0,Basic,0
CUST00364,25.0,female,Bangalore,2023-06-08,6,87938.92,6,2340.38,2012.1,2,3.0,Gold,0
CUST00285,25.0,Female,Delhi,2023-09-13,3,56855.12,0,2174.05,1924.76,1,1.0,Basic,1
CUST00118,38.0,male,Mumbai,2023-02-20,10,64694.5,13,449.7,379.79,2,4.0,Basic,0
CUST00732,39.0,Female,Hyderabad,2017-08-20,77,46387.0,70,2098.27,2984.19,0,3.0,Basic,0
CUST00205,18.0,Female,Bangalore,2023-02-27,10,47792.17,12,1761.98,1154.76,1,5.0,Basic,0
CUST00260,22.0,F,Hyderabad,2022-07-19,17,49256.35,14,603.57,291.06,3,5.0,Basic,0
CUST00684,32.0,Male,Hyderabad,2023-09-08,3,46642.24,0,858.4,238.3,1,5.0,Basic,0
CUST00636,35.0,male,Pune,2022-05-22,19,50182.77,12,488.44,373.09,0,4.0,Silver,0
CUST00982,20.0,Other,Hyderabad,2023-06-06,6,23868.02,1,0.0,0.0,1,4.0,Platinum,0
CUST00735,41.0,F,Jaipur,2021-08-15,28,,33,409.99,291.9,4,4.0,Basic,1
CUST00455,39.0,Female,Kolkata,2022-04-18,20,29351.5,19,3508.57,1671.87,1,4.0,Gold,0
CUST00694,18.0,Female,Pune,2023-12-11,0,21584.52,2,1133.57,1537.78,0,5.0,Gold,1
CUST01272,55.0,Female,Jaipur,2021-09-24,27,7486.5,25,3256.93,2940.27,3,3.0,Basic,0
CUST00893,33.0,F,Hyderabad,2023-11-27,1,,5,3817.38,2491.19,1,,Platinum,0
CUST01134,55.0,male,Hyderabad,2022-10-12,14,71162.31,20,4549.93,2804.56,0,4.0,Gold,0
CUST00368,28.0,Other,Bangalore,2023-09-24,3,34105.7,1,727.25,227.22,0,5.0,Silver,0
CUST01360,35.0,Female,Bangalore,2023-12-27,0,62706.55,4,514.34,736.93,1,,Gold,0
CUST00541,18.0,Male,Pune,2023-11-08,1,69699.57,7,1186.74,322.55,1,,Silver,0
CUST00511,19.0,Female,Pune,2023-12-10,0,96566.02,0,0.0,0.0,2,4.0,Basic,0
CUST00390,21.0,F,Mumbai,2021-12-07,25,15773.53,26,1109.65,1316.21,1,4.0,Basic,0
CUST01063,33.0,Male,Hyderabad,2023-05-07,7,25478.85,10,1353.04,1401.24,3,4.0,Platinum,0
CUST01217,18.0,Other,Ahmedabad,2023-02-06,10,15216.25,8,1217.57,688.29,1,5.0,Silver,0
CUST00700,36.0,Female,Mumbai,2022-10-27,14,64946.67,28,2951.51,4280.52,1,5.0,Basic,0
CUST01281,52.0,male,Chennai,2023-05-05,8,53711.38,10,1604.58,1441.93,0,5.0,Gold,0
CUST00286,32.0,Female,Jaipur,2023-03-04,10,96537.75,17,399.4,551.78,2,3.0,Platinum,0
CUST00072,24.0,Male,Mumbai,2023-06-21,6,44284.7,10,207.52,86.71,1,4.0,Platinum,0
CUST00588,28.0,nan,Chennai,2023-10-22,2,44264.07,11,491.04,113.37,1,5.0,Gold,0
CUST01237,38.0,Male,Delhi,2022-04-18,20,18260.93,20,489.71,598.06,0,1.0,Platinum,0
CUST00873,47.0,Female,Chennai,2022-11-07,14,65851.54,11,236.7,318.2,0,3.0,Gold,0
CUST01050,43.0,Female,Delhi,2019-03-10,58,31784.27,73,412.38,279.36,1,5.0,Gold,0
CUST00639,45.0,Male,Bangalore,2021-03-26,33,81528.75,26,709.26,493.15,0,5.0,Silver,1
CUST00961,57.0,Male,Mumbai,2021-10-01,27,40649.54,43,2199.99,1477.0,2,5.0,Silver,0
CUST00351,42.0,Male,Ahmedabad,2022-07-11,17,17406.85,14,1071.75,981.23,3,5.0,Gold,0
CUST00996,42.0,Female,Bangalore,2017-03-11,82,32702.64,81,2096.69,2814.64,2,4.0,Basic,0
CUST00582,24.0,Female,Ahmedabad,2022-02-25,22,,22,4185.79,5953.37,2,4.0,Basic,0
CUST00112,41.0,Male,Mumbai,2023-09-12,3,32645.95,10,0.0,0.0,0,4.0,Basic,0
CUST00499,18.0,Other,Delhi,2021-11-03,26,74593.15,30,464.06,472.7,0,4.0,Basic,0
CUST00713,26.0,male,Delhi,2022-12-26,12,50411.58,7,0.0,0.0,2,3.0,Basic,0
CUST01057,40.0,F,Hyderabad,2022-01-29,23,34186.36,33,1437.29,1298.18,1,1.0,Basic,0
CUST00117,41.0,M,Jaipur,2021-11-08,26,60829.3,35,4835.69,2481.21,0,3.0,Gold,0
CUST00862,21.0,Female,Kolkata,2022-06-06,19,30160.53,13,1240.67,1024.37,1,5.0,Gold,0
CUST00102,54.0,Female,Pune,2023-12-21,0,57722.37,0,3812.25,2499.66,2,5.0,Basic,0
CUST00926,61.0,Female,Jaipur,2022-07-20,17,,25,0.0,0.0,1,3.0,Basic,1
CUST01323,38.0,Female,Chennai,2019-04-30,56,,45,1892.36,2327.25,1,1.0,Basic,0
CUST00896,51.0,nan,Mumbai,2023-07-24,5,25949.5,1,4972.04,5623.09,0,3.0,Basic,0
CUST00721,37.0,Male,Pune,2023-02-01,11,47479.6,19,1515.87,2217.3,1,5.0,Silver,0
CUST00667,19.0,Female,Pune,2023-03-29,9,83618.18,13,0.0,0.0,0,4.0,Silver,0
CUST01460,42.0,Male,Mumbai,2023-09-20,3,64390.35,0,2586.57,1358.32,1,4.0,Basic,0
CUST00453,61.0,Female,Pune,2020-07-03,42,25304.0,45,5894.36,1507.72,2,4.0,Platinum,0
CUST01307,26.0,Female,Mumbai,2023-03-08,9,16460.94,11,796.85,253.45,0,3.0,Basic,0
CUST00464,18.0,Male,Hyderabad,2022-07-29,17,54707.56,15,656.07,861.4,1,4.0,Basic,0
CUST00770,58.0,Female,Bangalore,2023-03-25,9,21992.34,0,513.8,719.77,1,3.0,Basic,0
CUST01474,18.0,Female,Pune,2022-12-25,12,44706.3,17,1354.82,1083.55,5,3.0,Basic,0
CUST00253,59.0,Female,Bangalore,2022-05-25,19,57479.9,23,769.75,954.66,0,4.0,Basic,0
CUST00757,27.0,male,Delhi,2020-01-22,48,51163.25,42,2557.98,1880.19,0,4.0,Silver,0
CUST00899,44.0,Female,Chennai,2023-09-21,3,59217.97,10,2995.88,1538.74,1,4.0,Gold,0
CUST00128,24.0,male,Hyderabad,2022-04-03,21,54575.21,23,932.35,1162.44,3,2.0,Platinum,0
CUST00064,45.0,Female,Mumbai,2020-05-18,44,79076.12,58,418.57,214.15,0,4.0,Basic,0
CUST01021,42.0,Female,Pune,2022-06-26,18,68519.26,13,1189.93,273.11,1,2.0,Basic,0
CUST01440,51.0,Male,Kolkata,2019-06-02,55,98216.9,66,1392.89,1746.37,1,2.0,Basic,0
CUST00059,28.0,female,Pune,2023-01-01,12,56627.66,7,2326.46,2135.8,2,4.0,Basic,0
CUST00805,53.0,Male,Delhi,2017-12-10,73,,56,0.0,0.0,1,4.0,Silver,0
CUST00349,19.0,Male,Mumbai,2022-11-14,13,160929.23,9,437.57,572.89,2,4.0,Silver,0
CUST01133,30.0,female,Lucknow,2018-11-20,62,19181.68,65,558.31,752.38,2,3.0,Silver,1
CUST00468,61.0,Male,Lucknow,2022-02-21,22,27522.35,24,826.3,548.65,1,3.0,Silver,0
CUST01465,50.0,male,Delhi,2023-06-11,6,,14,3485.61,1618.68,1,5.0,Gold,0
CUST00657,28.0,nan,Delhi,2023-10-01,3,,17,1008.14,761.14,1,5.0,Basic,0
CUST00096,21.0,male,Delhi,2023-11-13,1,61071.6,7,1276.34,800.06,1,,Basic,0
CUST00413,30.0,Male,Ahmedabad,2022-03-09,22,,23,180.1,66.12,2,4.0,Silver,0
CUST00201,42.0,M,Chennai,2023-05-22,7,,11,589.2,523.26,0,4.0,Basic,0
CUST01303,45.0,Male,Kolkata,2023-01-15,11,69571.83,17,2647.53,590.36,0,5.0,Gold,0
CUST00698,26.0,Female,Kolkata,2023-05-13,7,64654.31,11,1532.53,445.11,1,5.0,Basic,0
CUST01150,50.0,female,Delhi,2023-06-26,6,27023.99,13,785.98,484.01,0,3.0,Silver,0
CUST00433,36.0,nan,Ahmedabad,2018-11-22,62,21783.81,51,281.73,412.77,0,2.0,Basic,0
CUST00384,23.0,Male,Ahmedabad,2023-09-24,3,34493.01,6,1119.91,1008.55,0,2.0,Silver,0
CUST00028,42.0,Female,Kolkata,2023-07-09,5,40580.3,3,2174.59,855.97,2,4.0,Basic,0
CUST00142,26.0,Female,Hyderabad,2022-04-17,20,79277.29,12,2298.26,1999.85,2,5.0,Basic,0
CUST00010,28.0,Male,Chennai,2016-03-11,95,49219.28,92,1081.1,879.68,1,4.0,Silver,0
CUST00831,43.0,Male,Bangalore,2023-01-16,11,82743.36,16,1488.53,485.98,2,2.0,Basic,0
CUST00397,47.0,Female,Mumbai,2023-10-03,3,14635.0,2,1168.79,323.62,1,5.0,Basic,0
CUST01398,36.0,female,Kolkata,2019-04-25,57,30871.62,72,1129.6,1304.34,1,4.0,Basic,0
CUST01305,35.0,Female,Kolkata,2021-09-25,27,66998.97,34,926.57,223.88,2,3.0,Basic,0
CUST01324,19.0,nan,Mumbai,2023-02-25,10,155814.56,10,2331.82,2021.24,0,4.0,Basic,0
CUST00889,18.0,Female,Mumbai,2019-05-28,55,67234.0,65,1321.32,1017.36,1,3.0,Basic,0
CUST00877,38.0,Male,Kolkata,2023-10-05,2,77297.92,8,913.86,538.83,0,3.0,Platinum,0
CUST00682,46.0,F,Jaipur,2022-08-12,16,20877.41,8,1006.58,1271.61,2,3.0,Basic,0
CUST00194,56.0,Female,Delhi,2020-09-09,40,24181.09,59,1169.88,872.32,2,3.0,Gold,0
CUST00519,49.0,Male,Mumbai,2018-09-27,64,70638.76,62,2064.91,1067.58,1,3.0,Basic,0
CUST00263,41.0,Female,Mumbai,2021-12-27,24,16521.98,34,2161.74,864.76,0,4.0,Silver,0
CUST00650,33.0,M,Pune,2021-07-22,29,165747.99,43,0.0,0.0,1,2.0,Basic,1
CUST01224,47.0,female,Pune,2023-09-14,3,58204.44,4,889.91,739.47,1,3.0,Basic,0
CUST01471,39.0,F,Delhi,2023-10-10,2,,0,3348.35,747.02,1,5.0,Basic,0
CUST00620,55.0,female,Delhi,2022-05-27,19,50043.33,30,1991.1,1724.78,0,4.0,Basic,0
CUST01271,56.0,Female,Chennai,2021-07-19,29,82479.83,27,2815.74,643.57,0,5.0,Basic,0
CUST01306,18.0,Female,Mumbai,2023-12-13,0,82543.72,0,691.15,606.82,0,5.0,Silver,0
CUST00719,34.0,Male,Delhi,2022-09-20,15,33709.24,15,450.76,90.48,2,5.0,Silver,1
CUST00604,30.0,male,Delhi,2020-02-21,47,16565.17,47,1616.81,1689.76,0,4.0,Platinum,0
CUST00675,48.0,Female,Bangalore,2023-07-19,5,131649.17,2,193.37,143.01,2,5.0,Silver,0
CUST00987,21.0,M,Delhi,2023-11-10,1,32508.27,2,1693.04,1399.62,0,,Gold,0
CUST01368,54.0,Female,Pune,2022-12-27,12,44803.37,2,1830.19,674.42,1,4.0,Basic,0
CUST00018,26.0,Other,Delhi,2022-10-22,14,41744.51,18,1259.32,1736.22,1,3.0,Basic,0
CUST01051,23.0,Other,Delhi,2023-10-09,2,42078.8,5,523.28,290.32,0,,Basic,0
CUST00187,40.0,Male,Mumbai,2023-04-12,8,,14,688.59,644.08,1,4.0,Basic,0
CUST01253,28.0,Female,Chennai,2022-07-30,17,41713.68,12,1184.19,825.12,6,4.0,Basic,0
CUST00702,35.0,Male,Delhi,2021-12-03,25,8762.43,28,2769.65,1080.68,2,5.0,Gold,0
CUST00610,44.0,M,Delhi,2020-01-28,47,90373.31,75,2730.81,3424.76,1,3.0,Basic,0
CUST01437,33.0,Male,Hyderabad,2014-01-30,120,,171,1902.13,1204.16,1,3.0,Platinum,0
CUST00207,28.0,Male,Chennai,2021-02-24,34,47321.99,47,4297.59,3184.6,0,5.0,Silver,0
CUST01347,42.0,nan,Pune,2019-12-05,49,67615.71,42,1459.79,2067.71,2,2.0,Basic,0
CUST01226,44.0,Male,Lucknow,2023-03-26,9,46290.92,4,0.0,0.0,0,4.0,Platinum,0
CUST00119,57.0,Male,Hyderabad,2023-05-04,8,78818.21,6,894.0,1328.69,0,4.0,Gold,0
CUST00644,40.0,Male,Chennai,2023-03-15,9,42937.84,14,1119.55,886.22,1,5.0,Basic,1
CUST00975,26.0,Male,Hyderabad,2023-01-26,11,,25,4916.1,5481.8,2,4.0,Silver,0
CUST00594,18.0,male,Pune,2019-08-20,53,47494.4,47,669.43,584.93,0,4.0,Basic,0
CUST00295,35.0,male,Bangalore,2023-08-24,4,38831.99,3,0.0,0.0,0,4.0,Gold,1
CUST01461,50.0,male,Bangalore,2023-10-05,2,50556.09,3,853.32,359.44,0,,Basic,0
CUST00370,48.0,Male,Delhi,2023-08-23,4,47123.07,0,1255.89,1232.74,0,3.0,Gold,0
CUST01119,42.0,Male,Bangalore,2017-10-19,75,34630.26,65,2015.6,2130.63,0,3.0,Silver,0
CUST01183,28.0,Male,Mumbai,2023-07-08,5,72952.14,3,905.68,376.6,0,2.0,Silver,0
CUST00490,46.0,Male,Hyderabad,2021-04-16,33,92407.73,43,2225.8,2308.62,0,3.0,Basic,0
CUST00703,26.0,M,Kolkata,2019-12-29,48,36650.37,45,0.0,0.0,2,4.0,Silver,0
CUST01434,18.0,F,Kolkata,2023-04-18,8,49686.48,21,2210.71,2745.42,1,4.0,Basic,0
CUST01435,41.0,female,Lucknow,2023-02-10,10,22751.04,7,627.02,638.85,4,5.0,Platinum,0
CUST00849,30.0,Male,Bangalore,2023-10-25,2,85506.72,3,0.0,0.0,1,4.0,Silver,0
CUST00448,34.0,Female,Kolkata,2022-11-17,13,,14,2931.3,1035.24,1,2.0,Basic,0
CUST00024,36.0,Female,Pune,2023-07-18,5,33854.0,0,1622.0,1504.91,3,1.0,Silver,0
CUST00826,38.0,Female,Delhi,2022-10-21,14,46028.41,11,1246.85,1562.44,1,5.0,Basic,0
CUST01274,42.0,Female,Kolkata,2019-06-19,55,229164.0,40,4406.46,2339.94,0,5.0,Basic,0
CUST00502,49.0,Female,Bangalore,2023-10-16,2,35847.45,5,1044.17,941.71,0,4.0,Gold,0
CUST00485,37.0,M,Bangalore,2022-10-02,15,20971.09,17,0.0,0.0,0,1.0,Silver,0
CUST00775,38.0,Other,Kolkata,2021-05-30,31,67674.04,45,938.88,281.92,2,1.0,Silver,0
CUST00168,43.0,nan,Pune,2023-08-22,4,106748.87,3,783.34,660.1,2,3.0,Basic,1
CUST00288,39.0,Female,Mumbai,2023-08-09,4,25988.44,1,403.99,106.53,3,5.0,Basic,0
CUST00641,20.0,Male,Mumbai,2023-10-10,2,27161.91,1,2823.92,1896.47,1,,Basic,0
CUST01147,44.0,Female,Hyderabad,2023-08-01,5,34940.86,1,506.46,570.72,1,4.0,Platinum,0
CUST00147,31.0,Other,Mumbai,2022-06-18,18,66405.23,18,1241.6,542.28,1,4.0,Basic,0
CUST00603,53.0,nan,Bangalore,2023-06-25,6,61429.42,8,1724.34,1363.26,2,3.0,Silver,0
CUST01191,56.0,Female,Mumbai,2023-11-21,1,14801.08,2,1954.93,899.6,0,,Gold,0
CUST00173,33.0,M,Mumbai,2019-08-31,52,38039.87,47,2767.62,2868.64,1,5.0,Basic,0
CUST00326,47.0,Female,Ahmedabad,2020-06-10,43,61132.93,36,0.0,0.0,2,4.0,Basic,0
CUST01159,18.0,female,Chennai,2021-02-05,35,58296.83,55,2160.38,739.94,1,2.0,Platinum,1
CUST00014,52.0,F,Delhi,2022-11-13,13,62547.55,19,1690.47,1241.81,1,4.0,Gold,0
CUST00109,48.0,Male,Mumbai,2022-12-12,12,53209.59,24,906.47,262.03,0,5.0,Basic,1
CUST00708,45.0,Female,Bangalore,2023-10-30,2,31058.64,4,130.16,92.08,0,3.0,Silver,0
CUST01230,45.0,male,Delhi,2022-05-26,19,67085.81,19,880.85,462.28,1,5.0,Gold,0
CUST00393,32.0,M,Delhi,2021-09-06,28,25527.17,40,1509.15,1608.97,0,3.0,Gold,0
CUST01297,19.0,Female,Mumbai,2022-11-14,13,64302.42,23,0.0,0.0,1,5.0,Gold,0
CUST00035,45.0,female,Delhi,2016-10-28,87,32630.09,76,1399.54,1117.27,0,5.0,Silver,0
CUST00875,18.0,nan,Bangalore,2023-09-03,4,48249.56,9,707.44,565.63,0,2.0,Gold,0
CUST00099,43.0,Male,Mumbai,2021-09-01,28,25236.6,26,116.38,123.17,2,5.0,Basic,0
CUST00789,25.0,Male,Bangalore,2023-09-29,3,61101.19,2,1429.87,1786.21,3,5.0,Gold,0
CUST00371,38.0,Male,Delhi,2022-07-19,17,51037.13,13,736.07,728.14,0,4.0,Silver,0
CUST00493,35.0,Male,Chennai,2021-11-21,25,138532.09,17,121.94,75.05,1,4.0,Platinum,0
CUST00512,34.0,nan,Bangalore,2023-04-21,8,29795.39,6,1031.51,976.02,1,5.0,Basic,1
CUST01073,35.0,female,Kolkata,2023-02-27,10,19445.21,11,1004.08,1219.05,2,5.0,Gold,0
CUST00818,41.0,Female,Hyderabad,2023-03-24,9,23275.55,10,1864.11,1197.61,0,4.0,Silver,0
CUST01207,29.0,male,Mumbai,2023-03-22,9,19753.05,21,1343.91,1746.49,2,4.0,Basic,0
CUST01129,35.0,Female,Delhi,2022-10-31,14,45496.94,19,0.0,0.0,2,5.0,Silver,0
CUST00526,33.0,female,Pune,2015-10-28,99,52865.26,87,2978.75,1167.26,1,4.0,Basic,0
CUST00649,40.0,Male,Chennai,2023-04-21,8,20707.61,8,690.26,248.34,0,5.0,Silver,0
CUST00180,41.0,Female,Mumbai,2022-03-30,21,69879.61,24,886.55,1151.38,2,5.0,Basic,0
CUST00025,33.0,Female,Bangalore,2023-01-06,12,88583.81,8,5722.53,5334.71,1,4.0,Silver,0
CUST00111,43.0,Female,Delhi,2019-01-07,60,89051.79,86,1427.28,539.91,1,3.0,Platinum,0
CUST00016,28.0,nan,Chennai,2022-09-04,16,215672.78,19,205.85,114.51,1,3.0,Silver,0
CUST01404,32.0,nan,Chennai,2022-08-28,16,65371.36,29,1312.63,1452.81,3,5.0,Basic,0
CUST00883,25.0,F,Kolkata,2021-04-15,33,33092.52,36,1156.09,328.15,2,3.0,Gold,0
CUST00451,36.0,male,Kolkata,2023-06-20,6,68570.8,3,2160.43,3182.48,1,4.0,Basic,0
CUST00830,18.0,Female,Lucknow,2023-02-05,11,31198.5,7,446.25,610.2,1,5.0,Gold,0
CUST00148,36.0,Male,Chennai,2023-10-06,2,120687.66,4,247.85,369.95,2,,Basic,0
CUST00411,20.0,nan,Pune,2019-04-05,57,40424.63,72,819.23,542.49,0,3.0,Silver,0
CUST00211,49.0,M,Pune,2021-04-09,33,27812.01,33,2506.59,585.61,2,5.0,Basic,1
CUST01275,31.0,Other,Bangalore,2023-05-27,7,19830.49,10,1213.74,1387.01,2,3.0,Basic,0
CUST00717,19.0,nan,Delhi,2023-06-08,6,33244.12,0,2399.56,856.69,2,2.0,Silver,0
CUST01193,35.0,Female,Kolkata,2016-04-03,94,9291.23,127,669.35,956.89,0,5.0,Gold,0
CUST00250,24.0,Other,Bangalore,2021-11-24,25,34346.12,35,2506.14,659.3,1,2.0,Silver,0
CUST01187,34.0,Female,Mumbai,2023-08-31,4,62404.29,0,837.55,1213.14,2,4.0,Basic,0
CUST00944,52.0,Male,Lucknow,2019-01-15,60,61550.63,53,0.0,0.0,1,4.0,Gold,0
CUST00738,48.0,Female,Jaipur,2022-10-15,14,113109.51,9,2579.12,3496.51,2,4.0,Silver,0
CUST00100,27.0,Male,Kolkata,2020-07-11,42,74186.27,35,1861.33,2356.09,0,4.0,Gold,0
CUST00005,18.0,Male,Delhi,2020-07-09,42,52092.92,46,2798.04,3223.16,1,5.0,Basic,0
CUST00739,19.0,F,Delhi,2022-11-18,13,17249.22,16,464.69,621.13,1,1.0,Silver,0
CUST00047,48.0,Male,Ahmedabad,2023-06-26,6,,11,1353.84,2008.54,1,4.0,Basic,0
CUST00532,27.0,nan,Kolkata,2023-08-25,4,20991.96,4,1394.03,958.26,2,1.0,Basic,1
CUST01219,24.0,Female,Kolkata,2023-07-25,5,49238.49,1,2198.67,2632.68,1,4.0,Basic,0
CUST01068,43.0,Female,Pune,2018-12-16,61,23501.08,77,1897.96,2726.25,4,3.0,Basic,0
CUST01178,40.0,Female,Delhi,2019-05-09,56,46090.94,50,1825.02,2656.49,2,4.0,Silver,0
CUST00190,58.0,female,Mumbai,2023-03-06,10,26370.4,9,1260.9,1042.82,4,3.0,Silver,0
CUST00242,37.0,Female,Chennai,2016-05-06,93,52080.24,125,1008.76,1001.5,0,5.0,Basic,0
CUST00838,55.0,Male,Hyderabad,2023-05-10,7,36955.72,2,4735.93,3168.82,0,5.0,Basic,0
CUST01364,48.0,Other,Kolkata,2020-12-23,36,95865.42,39,0.0,0.0,1,5.0,Basic,0
CUST00968,29.0,Male,Ahmedabad,2021-09-08,28,49933.71,35,1795.98,1685.43,1,3.0,Silver,0
CUST00504,20.0,Male,Mumbai,2023-06-11,6,,3,1870.92,872.73,0,4.0,Basic,0
CUST01337,44.0,Male,Delhi,2016-05-25,92,52578.16,109,1819.04,646.55,0,5.0,Gold,0
CUST00264,31.0,Female,Chennai,2022-08-10,16,57584.88,23,2065.03,424.92,1,4.0,Gold,0
CUST00452,42.0,Female,Hyderabad,2021-11-27,25,20325.97,27,2488.07,2121.97,1,5.0,Basic,0
CUST01088,19.0,Other,Bangalore,2023-05-16,7,55836.17,0,1380.55,359.41,1,4.0,Platinum,0
CUST00598,48.0,male,Kolkata,2023-06-08,6,30862.66,16,800.53,271.5,1,2.0,Basic,0
CUST00314,43.0,Male,Hyderabad,2020-10-10,39,20791.53,44,1393.53,1442.79,1,5.0,Basic,0
CUST00114,21.0,Female,Ahmedabad,2020-10-23,38,60779.73,41,1515.04,1776.35,3,5.0,Silver,0
CUST01014,18.0,Female,Bangalore,2023-08-17,4,26429.56,6,0.0,0.0,3,4.0,Basic,0
CUST00052,46.0,Male,Mumbai,2022-12-12,12,28507.16,19,0.0,0.0,0,3.0,Gold,0
CUST00706,26.0,Female,Mumbai,2022-01-01,24,52449.95,24,1424.62,582.64,1,4.0,Basic,0
CUST00229,28.0,Other,Hyderabad,2023-03-13,9,149002.59,14,1982.24,2631.29,0,4.0,Basic,0
CUST00547,40.0,female,Delhi,2019-04-22,57,61943.38,70,1229.37,363.7,3,5.0,Basic,0
CUST00345,57.0,Female,Delhi,2023-02-13,10,51061.29,18,1050.75,1260.52,1,4.0,Basic,0
CUST00948,18.0,Male,Mumbai,2021-09-30,27,,31,0.0,0.0,2,4.0,Gold,0
CUST01082,36.0,M,Bangalore,2019-10-17,51,71982.72,65,1749.95,838.39,3,4.0,Basic,0
CUST00309,45.0,male,Delhi,2023-05-02,8,26097.68,11,752.34,251.54,1,5.0,Basic,0
CUST00665,37.0,Male,Pune,2023-11-29,1,50107.99,3,1204.59,1547.96,1,5.0,Basic,0
CUST01241,53.0,F,Mumbai,2023-03-05,10,35636.51,14,471.9,244.24,2,2.0,Platinum,0
CUST01427,48.0,F,Delhi,2023-11-05,1,41254.58,0,531.27,626.8,1,3.0,Silver,0
CUST01376,42.0,nan,Delhi,2022-05-23,19,38259.0,24,936.2,1062.9,0,5.0,Basic,0
CUST00622,38.0,Other,Delhi,2023-03-04,10,79306.67,12,631.73,216.79,1,3.0,Basic,0
CUST00165,48.0,Female,Mumbai,2022-10-17,14,45733.95,9,3155.21,1393.78,0,4.0,Silver,0
CUST00985,42.0,M,Ahmedabad,2023-12-19,0,75306.58,3,1915.87,1006.7,0,,Silver,0
CUST00565,49.0,Male,Delhi,2023-06-13,6,,19,2214.07,837.55,2,4.0,Silver,0
CUST00208,23.0,Other,Delhi,2022-08-23,16,30975.2,25,2328.13,1648.89,0,5.0,Basic,0
CUST00563,39.0,nan,Delhi,2023-01-20,11,32273.57,19,2472.71,1915.16,1,4.0,Platinum,0
CUST00359,28.0,Male,Ahmedabad,2023-07-29,5,37478.47,0,0.0,0.0,2,5.0,Basic,1
CUST01456,37.0,female,Mumbai,2020-05-14,44,43044.25,46,1269.01,1466.1,4,3.0,Silver,0
CUST00841,61.0,male,Mumbai,2022-01-16,23,19623.55,41,1753.2,1719.32,3,3.0,Silver,0
CUST01472,52.0,nan,Bangalore,2023-02-18,10,55382.49,14,965.52,1083.84,2,4.0,Basic,0
CUST00341,18.0,Female,Hyderabad,2022-11-03,14,39774.03,15,1444.38,441.22,1,5.0,Basic,0
CUST00021,36.0,Female,Bangalore,2023-11-19,1,61636.8,3,1246.93,1390.6,2,4.0,Basic,0
CUST00834,33.0,Male,Mumbai,2022-07-08,18,69855.68,24,1741.87,2255.94,0,5.0,Basic,0
CUST01421,35.0,Female,Mumbai,2023-10-15,2,100659.85,2,667.57,687.82,3,,Basic,0
CUST01425,40.0,Male,Delhi,2020-10-27,38,34046.5,34,457.5,176.24,2,1.0,Silver,0
CUST00379,57.0,Female,Bangalore,2022-11-20,13,69450.78,12,4936.16,5196.49,0,5.0,Basic,0
CUST00276,43.0,Other,Mumbai,2021-05-29,31,130856.31,38,1706.28,1655.09,2,4.0,Basic,0
CUST00863,37.0,Female,Ahmedabad,2023-09-07,3,88696.05,5,2552.02,2586.26,0,5.0,Basic,0
CUST00749,34.0,Female,Mumbai,2023-10-12,2,52371.0,5,2514.49,1567.79,2,,Gold,0
CUST00347,31.0,male,Hyderabad,2023-08-11,4,22216.31,0,1072.83,846.9,0,2.0,Basic,0
CUST00027,44.0,M,Jaipur,2023-06-14,6,48668.25,0,942.94,1035.17,1,2.0,Gold,0
CUST00745,39.0,Female,Hyderabad,2023-11-01,2,25685.02,5,527.07,548.03,1,,Gold,0
CUST01283,18.0,Male,Pune,2023-09-13,3,49515.97,2,1381.72,1835.59,3,4.0,Platinum,0
CUST01419,50.0,M,Jaipur,2023-01-28,11,96966.53,16,1766.42,914.44,4,3.0,Silver,1
CUST00908,23.0,F,Jaipur,2023-11-13,1,,0,0.0,0.0,0,4.0,Silver,1
CUST00705,51.0,Female,Delhi,2017-09-26,76,17870.68,87,1243.17,1470.7,2,4.0,Basic,0
CUST00870,37.0,Female,Bangalore,2022-06-16,18,75195.12,22,798.64,208.82,4,3.0,Basic,0
CUST01184,46.0,Female,Chennai,2021-06-03,31,17820.66,41,650.27,513.47,2,4.0,Basic,0
CUST01485,47.0,Female,Chennai,2023-10-01,3,23024.57,6,1365.02,1891.49,0,5.0,Silver,0
CUST01077,54.0,nan,Pune,2021-05-12,32,51276.55,36,736.1,753.37,0,3.0,Silver,0
CUST00362,43.0,Female,Bangalore,2023-01-03,12,67887.41,8,7205.8,8251.51,1,4.0,Gold,0
CUST01199,56.0,male,Bangalore,2022-09-20,15,60981.89,18,399.88,367.89,3,3.0,Gold,1
CUST00129,30.0,Male,Lucknow,2019-03-04,58,72062.69,62,876.26,1267.14,0,3.0,Gold,0
CUST01493,31.0,Male,Kolkata,2022-03-30,21,42341.64,20,2237.76,1088.56,1,1.0,Basic,0
CUST01353,22.0,Male,Pune,2023-02-17,10,37589.65,16,2284.16,2317.95,0,3.0,Basic,1
CUST01458,39.0,Male,Chennai,2023-03-19,9,133837.91,10,1622.47,997.07,1,3.0,Basic,0
CUST01003,33.0,Male,Delhi,2022-10-30,14,75862.04,21,2092.73,3055.52,2,1.0,Basic,1
CUST00861,26.0,Male,Hyderabad,2022-05-31,19,30951.19,17,1985.43,1277.9,0,4.0,Basic,0
CUST00921,34.0,male,Mumbai,2023-04-03,9,36280.03,7,1310.43,1633.76,3,3.0,Gold,0
CUST01202,32.0,Male,Kolkata,2022-10-21,14,16045.22,13,249.13,200.24,2,5.0,Basic,0
CUST00152,26.0,Male,Chennai,2022-04-28,20,123938.14,24,2527.23,912.36,0,3.0,Platinum,0
CUST00958,65.0,nan,Kolkata,2018-01-10,72,99251.39,79,7783.57,4476.13,1,2.0,Silver,0
CUST01436,37.0,M,Bangalore,2022-05-18,19,95448.07,26,0.0,0.0,1,2.0,Basic,1
CUST00279,52.0,M,Pune,2023-03-11,9,58245.87,18,425.5,213.57,1,1.0,Silver,0
CUST01412,65.0,Male,Mumbai,2021-04-06,33,93321.48,32,64.79,31.65,1,4.0,Gold,1
CUST01138,38.0,Male,Hyderabad,2019-02-20,59,36875.6,76,1654.19,1234.22,6,2.0,Silver,1
CUST00914,31.0,Male,Mumbai,2022-04-25,20,29846.43,36,376.73,148.61,1,5.0,Basic,0
CUST00508,43.0,Female,Delhi,2023-02-22,10,60638.63,11,804.82,163.47,1,1.0,Gold,1
CUST00408,48.0,male,Mumbai,2023-08-17,4,71565.43,10,2534.82,1536.96,0,5.0,Silver,0
CUST00947,42.0,Female,Bangalore,2022-12-22,12,23130.07,19,127.47,42.72,2,3.0,Gold,0
CUST00596,33.0,Other,Delhi,2022-03-16,21,20277.22,33,466.24,405.8,0,4.0,Platinum,0
CUST00398,41.0,Female,Mumbai,2018-10-15,63,26614.38,86,661.01,564.46,0,3.0,Basic,0
CUST00654,25.0,Male,Mumbai,2022-06-01,19,,12,726.61,514.03,0,3.0,Basic,0
CUST00879,37.0,Male,Ahmedabad,2022-03-04,22,15383.92,29,520.96,678.49,2,5.0,Basic,1
CUST00501,54.0,Male,Bangalore,2022-08-05,17,61228.31,29,0.0,0.0,3,5.0,Silver,0
CUST01043,46.0,Male,Chennai,2021-02-22,34,49508.67,55,3767.04,5165.76,1,3.0,Basic,0
CUST00661,18.0,M,Mumbai,2020-03-08,46,,37,246.49,123.83,3,3.0,Basic,1
CUST01189,45.0,Female,Pune,2022-09-09,15,73453.95,19,1776.52,399.21,1,5.0,Basic,0
CUST01011,23.0,F,Kolkata,2021-03-21,33,43486.16,39,4427.96,1795.2,0,4.0,Basic,0
CUST00782,37.0,Male,Delhi,2021-08-13,29,14967.44,45,1357.12,420.86,0,1.0,Basic,0
CUST01270,45.0,Male,Mumbai,2023-11-17,1,30388.68,1,250.48,310.61,3,,Silver,1
CUST00772,54.0,Male,Bangalore,2018-08-21,65,76430.25,66,1330.44,1707.47,2,4.0,Basic,0
CUST01045,29.0,Female,Mumbai,2023-12-08,0,79577.95,0,162.34,139.06,0,4.0,Basic,0
CUST00331,56.0,male,Bangalore,2022-10-24,14,55270.97,13,0.0,0.0,1,5.0,Silver,1
CUST01169,33.0,Male,Mumbai,2019-12-28,48,56256.33,62,931.43,749.89,3,4.0,Basic,0
CUST00171,30.0,male,Pune,2023-09-26,3,51976.97,6,1284.2,1070.07,2,5.0,Basic,0
CUST00977,51.0,M,Mumbai,2023-12-12,0,70785.32,5,1058.78,1031.02,1,,Basic,0
CUST01052,36.0,Male,Chennai,2023-04-25,8,11935.47,5,918.75,521.45,1,4.0,Silver,0
CUST01349,49.0,M,Hyderabad,2022-10-10,14,31672.74,3,3825.78,2741.67,0,5.0,Basic,0
CUST01118,34.0,Female,Kolkata,2022-12-15,12,65922.4,16,1789.4,1068.45,0,4.0,Silver,0
CUST00265,44.0,Male,Mumbai,2022-08-08,17,75750.05,28,1234.83,1471.28,1,2.0,Basic,0
CUST00740,18.0,Male,Bangalore,2020-07-06,42,32873.71,38,330.9,141.75,1,3.0,Silver,0
CUST01034,44.0,Male,Mumbai,2023-10-14,2,38875.37,0,4680.09,5833.31,1,,Basic,0
CUST01336,60.0,Male,Bangalore,2020-08-01,41,59304.84,54,3348.14,2965.35,0,4.0,Basic,0
CUST00858,43.0,male,Hyderabad,2022-10-17,14,47798.44,12,959.94,629.28,1,5.0,Basic,0
CUST00427,48.0,nan,Bangalore,2022-07-31,17,28576.38,12,4550.93,2573.08,1,2.0,Gold,0
CUST00695,28.0,Female,Bangalore,2022-10-17,14,35464.36,9,349.53,136.96,1,3.0,Basic,0
CUST01151,40.0,Male,Bangalore,2022-05-06,20,50993.99,22,1111.62,1352.21,4,5.0,Silver,0
CUST01024,45.0,F,Ahmedabad,2023-12-22,0,45069.22,0,1205.25,507.49,1,,Platinum,0
CUST01023,43.0,Male,Hyderabad,2023-02-20,10,25902.91,14,0.0,0.0,2,4.0,Gold,0
CUST01286,41.0,Male,Mumbai,2022-12-02,13,55114.56,13,3413.76,3064.81,1,4.0,Gold,0
CUST01468,22.0,male,Kolkata,2022-11-13,13,29166.42,16,400.11,321.25,1,3.0,Platinum,1
CUST00214,32.0,Other,Chennai,2021-02-03,35,37465.0,28,3773.65,1429.66,0,3.0,Platinum,0
CUST00814,32.0,nan,Hyderabad,2023-09-07,3,119014.12,0,0.0,0.0,0,5.0,Silver,0
CUST01153,41.0,Male,Ahmedabad,2020-05-27,43,85888.84,38,1369.88,1728.72,5,3.0,Platinum,0
CUST01473,38.0,Male,Delhi,2022-09-28,15,69190.07,12,597.13,590.17,1,4.0,Silver,0
CUST00325,60.0,female,Bangalore,2016-05-04,93,,99,1071.52,1305.64,1,4.0,Platinum,0
CUST00327,19.0,Female,Mumbai,2020-10-01,39,27078.15,44,1615.13,796.09,1,3.0,Basic,0
CUST00681,48.0,Male,Pune,2023-11-22,1,54325.25,5,0.0,0.0,0,,Basic,0
CUST00200,36.0,F,Mumbai,2023-01-23,11,34089.01,16,0.0,0.0,3,4.0,Silver,0
CUST01188,42.0,Female,Pune,2023-08-26,4,3521.11,2,322.97,468.58,2,3.0,Basic,0
CUST00352,48.0,F,Mumbai,2022-07-29,17,7583.33,12,2461.47,590.82,1,2.0,Silver,0
CUST00962,40.0,nan,Bangalore,2023-03-13,9,76031.01,10,737.37,308.76,1,4.0,Silver,0
CUST00612,41.0,Male,Mumbai,2022-02-12,22,53580.15,20,912.38,1149.45,0,4.0,Basic,1
CUST00833,24.0,M,Jaipur,2023-02-21,10,33806.54,16,1652.61,340.3,1,5.0,Basic,1
CUST00217,44.0,Male,Hyderabad,2020-06-13,43,29127.72,45,1482.63,1294.96,0,2.0,Basic,0
CUST01388,25.0,M,Kolkata,2021-08-31,28,,28,549.34,302.45,0,2.0,Platinum,0
CUST00254,26.0,Female,Bangalore,2023-11-02,2,31386.33,5,859.06,1249.3,1,2.0,Silver,0
CUST00153,18.0,male,Mumbai,2023-04-04,9,56615.77,2,316.7,451.6,2,5.0,Basic,0
CUST00195,25.0,male,Delhi,2022-03-22,21,59156.51,17,1710.28,1971.59,0,4.0,Basic,0
CUST00375,45.0,nan,Kolkata,2019-08-25,53,54442.02,36,0.0,0.0,1,3.0,Basic,0
CUST00869,31.0,Female,Bangalore,2023-02-06,10,110259.79,0,910.82,1287.16,0,4.0,Gold,0
CUST00069,48.0,Female,Hyderabad,2020-01-29,47,28275.49,50,1126.61,1554.72,0,2.0,Basic,0
CUST00131,33.0,nan,Mumbai,2021-01-03,36,46094.48,51,2032.27,3030.52,0,2.0,Basic,0
CUST00329,24.0,nan,Mumbai,2023-08-27,4,19952.98,1,1706.24,1896.28,1,3.0,Basic,0
CUST00092,37.0,Female,Kolkata,2023-01-17,11,58342.14,8,1399.83,1688.03,0,4.0,Gold,0
CUST00301,59.0,M,Hyderabad,2021-09-14,27,41672.46,27,1158.63,1249.15,1,3.0,Basic,0
CUST01455,56.0,Male,Pune,2022-03-28,21,49781.8,11,1897.75,5000000.0,1,5.0,Platinum,0
CUST01356,44.0,Female,Pune,2021-04-18,32,62020.37,26,1065.4,891.48,0,3.0,Silver,0
CUST00810,41.0,Female,Chennai,2023-11-12,1,28982.44,4,1005.53,1237.27,0,4.0,Platinum,0
CUST00355,51.0,Male,Hyderabad,2021-03-18,33,,26,4950.14,5621.52,2,3.0,Platinum,0
CUST01444,55.0,Male,Delhi,2022-07-01,18,47291.57,14,586.89,370.9,1,5.0,Basic,0
CUST00241,27.0,female,Hyderabad,2023-11-02,2,,0,1774.04,820.65,2,,Silver,0
CUST00652,36.0,Male,Delhi,2021-12-05,25,65374.1,39,1036.95,1150.74,0,5.0,Platinum,0
CUST01085,39.0,Male,Ahmedabad,2023-06-11,6,44523.57,11,0.0,0.0,2,5.0,Silver,0
CUST00188,23.0,male,Bangalore,2023-09-12,3,78609.72,0,619.06,598.52,0,4.0,Gold,0
CUST00714,38.0,Male,Ahmedabad,2023-06-12,6,110478.95,3,4903.72,4685.58,0,2.0,Silver,0
CUST01181,22.0,male,Kolkata,2022-03-18,21,,21,477.6,388.17,3,4.0,Basic,0
CUST01047,32.0,Other,Pune,2023-03-26,9,,1,212.85,168.76,0,2.0,Silver,0
CUST00599,41.0,female,Mumbai,2022-06-21,18,18199.67,30,811.53,186.36,1,4.0,Basic,0
CUST00973,41.0,Male,Bangalore,2023-08-28,4,35560.2,4,659.46,463.62,3,5.0,Basic,0
CUST01012,55.0,Male,Delhi,2019-05-01,56,29079.59,68,1975.65,508.06,0,1.0,Basic,0
CUST00284,43.0,Other,Bangalore,2022-03-01,22,39578.18,25,1900.06,2498.78,0,4.0,Gold,0
CUST00507,67.0,Male,Chennai,2023-03-01,10,112536.82,7,1455.44,1173.68,2,4.0,Silver,0
CUST00611,26.0,female,Mumbai,2022-11-20,13,63039.73,12,3287.26,3738.62,5,5.0,Basic,0
CUST01107,22.0,Female,Chennai,2023-05-03,8,137116.86,4,3189.58,1209.54,2,5.0,Silver,0
CUST00518,30.0,Female,Ahmedabad,2023-06-13,6,,7,2193.68,2474.84,0,4.0,Gold,1
CUST00566,47.0,Female,Hyderabad,2023-03-22,9,18875.31,7,1548.87,341.67,1,5.0,Basic,0
CUST00110,18.0,nan,Mumbai,2023-08-11,4,29988.08,5,3346.83,3313.04,0,5.0,Basic,0
CUST01310,34.0,male,Ahmedabad,2023-08-04,5,45347.39,2,1177.41,611.03,1,5.0,Silver,0
CUST00123,41.0,Male,Mumbai,2022-06-06,19,59342.85,13,1569.49,1354.57,1,5.0,Platinum,0
CUST00431,26.0,Male,Bangalore,2023-01-12,11,24040.23,8,4531.38,3496.87,2,4.0,Silver,0
CUST00281,44.0,Male,Kolkata,2019-03-22,58,9439.25,72,748.52,270.56,2,2.0,Basic,0
CUST00979,21.0,M,Ahmedabad,2023-06-10,6,,11,537.09,471.97,0,5.0,Gold,0
CUST00902,39.0,Male,Delhi,2021-03-25,33,55286.31,32,1607.32,476.19,0,3.0,Basic,0
CUST01204,37.0,Female,Mumbai,2023-11-01,2,140063.67,0,4507.46,6015.06,2,4.0,Silver,0
CUST00489,28.0,Female,Mumbai,2023-03-30,9,120261.53,5,1795.15,2314.75,2,4.0,Silver,0
CUST00799,50.0,Female,Chennai,2022-08-18,16,31515.7,14,646.58,367.76,0,5.0,Basic,0
CUST01296,48.0,male,Mumbai,2020-12-21,36,16073.18,38,3886.6,1520.76,2,4.0,Silver,0
CUST00876,18.0,Male,Delhi,2021-08-20,28,93294.83,31,1347.45,1616.65,1,5.0,Silver,0
CUST01083,43.0,Female,Bangalore,2023-10-02,3,30223.03,0,867.18,313.34,2,2.0,Platinum,0
CUST00747,60.0,F,Delhi,2021-07-16,29,70962.34,36,3335.23,2176.65,1,2.0,Platinum,0
CUST00743,26.0,male,Mumbai,2022-11-03,14,47278.52,16,5196.58,4082.01,2,3.0,Basic,0
CUST01131,27.0,Female,Chennai,2023-08-03,5,82351.1,9,1012.45,909.29,0,3.0,Silver,0
CUST00068,32.0,male,Hyderabad,2023-11-26,1,26773.59,0,1362.95,782.03,2,5.0,Basic,0
CUST00631,57.0,M,Kolkata,2021-02-15,35,36794.4,26,1468.16,1575.11,1,4.0,Basic,0
CUST00674,22.0,nan,Jaipur,2022-10-06,15,79000.8,5,3185.53,1405.49,1,4.0,Basic,0
CUST00821,32.0,F,Delhi,2023-04-13,8,67098.68,6,1308.44,424.77,2,4.0,Gold,0
CUST01478,21.0,Female,Pune,2021-12-19,24,53244.63,26,1330.31,358.38,2,3.0,Silver,0
CUST00903,36.0,Female,Mumbai,2020-07-22,41,52719.69,43,2619.6,3570.06,1,4.0,Platinum,0
CUST00587,24.0,male,Jaipur,2022-09-22,15,45594.34,26,247.55,328.26,2,4.0,Basic,0
CUST00415,-5.0,M,Pune,2022-05-14,19,42582.3,9,1245.56,273.3,1,3.0,Silver,1
CUST00373,48.0,male,Pune,2022-05-31,19,48510.7,20,678.06,773.66,1,3.0,Gold,0
CUST01074,19.0,female,Delhi,2023-06-07,6,33793.64,16,522.35,198.45,2,4.0,Basic,0
CUST00417,51.0,Female,Pune,2022-06-28,18,20342.45,16,0.0,0.0,2,4.0,Gold,0
CUST00319,50.0,Female,Chennai,2021-05-11,32,27114.18,49,4005.58,1890.9,3,5.0,Basic,0
CUST01448,56.0,Female,Lucknow,2021-05-26,31,,34,3744.5,3437.72,0,4.0,Basic,0
CUST01406,46.0,Male,Kolkata,2022-07-16,17,76086.53,18,1560.76,2289.33,0,5.0,Platinum,0
CUST00572,37.0,Male,Delhi,2019-05-11,56,22866.5,54,689.59,521.03,0,4.0,Silver,0
CUST01094,40.0,female,Hyderabad,2023-10-31,2,54169.28,0,1727.8,2251.61,0,3.0,Gold,0
CUST00133,46.0,Female,Delhi,2022-04-19,20,59090.41,23,1461.35,357.18,0,4.0,Basic,0
CUST00701,51.0,Male,Hyderabad,2023-06-08,6,43947.57,7,862.55,1207.27,0,4.0,Silver,0
CUST01325,41.0,Male,Bangalore,2023-08-12,4,39796.78,12,1496.78,1534.4,0,1.0,Basic,0
CUST00416,40.0,M,Bangalore,2023-01-24,11,101422.41,14,647.81,893.78,0,3.0,Gold,0
CUST00472,33.0,Male,Chennai,2022-02-22,22,66189.61,25,283.51,251.12,1,1.0,Silver,1
CUST01289,62.0,female,Bangalore,2023-11-29,1,97579.88,0,1022.51,1135.71,0,4.0,Basic,0
CUST01233,24.0,Female,Kolkata,2021-05-30,31,49858.95,41,716.61,864.45,2,2.0,Gold,1
CUST00446,20.0,Male,Chennai,2014-09-24,112,39764.76,95,1863.77,1102.26,2,5.0,Basic,0
CUST00126,42.0,Female,Lucknow,2023-07-29,5,52620.55,3,1485.47,1532.26,3,4.0,Gold,0
CUST00466,32.0,Male,Jaipur,2022-08-04,17,103193.17,29,2403.78,1422.32,2,2.0,Silver,0
CUST01095,30.0,Male,Pune,2023-11-06,1,60735.59,9,1019.69,1361.56,1,,Basic,0
CUST01390,27.0,F,Chennai,2023-07-01,6,35481.72,5,242.47,54.25,0,4.0,Basic,0
CUST00559,23.0,nan,Delhi,2023-04-06,9,50505.85,0,797.55,993.3,2,5.0,Silver,1
CUST01395,18.0,Male,Delhi,2017-04-19,81,44136.49,102,1701.21,2070.2,0,5.0,Gold,0
CUST00387,43.0,M,Chennai,2020-07-23,41,37362.72,28,1467.36,1170.77,0,5.0,Platinum,0
CUST00290,37.0,Male,Delhi,2022-06-11,18,40296.75,13,4612.95,2717.05,0,4.0,Basic,0
CUST00884,24.0,M,Mumbai,2022-12-20,12,29605.31,10,301.61,416.59,0,4.0,Silver,0
CUST01123,29.0,Male,Bangalore,2020-04-12,45,64116.21,57,875.05,503.97,0,2.0,Gold,0
CUST00904,57.0,M,Kolkata,2023-01-07,11,14604.04,14,1273.71,406.14,4,5.0,Basic,0
CUST00054,34.0,female,Delhi,2023-12-09,0,27394.82,5,407.02,562.12,4,,Silver,1
CUST01446,41.0,male,Bangalore,2022-12-02,13,124509.69,6,2607.95,1898.81,0,3.0,Gold,0
CUST00756,52.0,nan,Mumbai,2023-05-13,7,86006.65,4,806.23,834.15,2,3.0,Basic,0
CUST01190,36.0,Male,Mumbai,2023-05-29,7,,9,1069.86,931.32,3,3.0,Platinum,0
CUST00733,45.0,Male,Mumbai,2023-06-20,6,37828.74,11,889.24,1196.34,1,3.0,Basic,0
CUST00041,47.0,nan,Delhi,2020-04-08,45,55793.87,50,1508.82,769.39,3,3.0,Basic,0
CUST00340,45.0,Female,Delhi,2023-12-27,0,49958.07,3,2861.28,2681.91,3,5.0,Gold,0
CUST01163,35.0,Male,Mumbai,2020-05-16,44,71661.11,48,1107.19,403.74,0,4.0,Basic,0
CUST00880,38.0,Other,Delhi,2020-09-08,40,57070.28,28,746.12,1009.7,2,5.0,Gold,0
CUST01125,36.0,Female,Bangalore,2023-12-20,0,30825.05,2,3610.15,942.93,1,3.0,Basic,0
CUST00659,53.0,Male,Hyderabad,2021-11-11,26,27771.41,36,1324.11,1659.86,1,4.0,Basic,0
CUST00084,33.0,Male,Hyderabad,2021-03-18,33,51274.88,41,2015.8,778.28,1,2.0,Silver,0
CUST00116,32.0,Male,Lucknow,2023-02-14,10,129852.22,7,1343.66,1245.91,2,4.0,Basic,1
CUST01484,42.0,M,Delhi,2023-10-24,2,23798.55,0,1148.52,583.03,1,3.0,Basic,0
CUST01157,38.0,Female,Pune,2020-12-01,37,43785.87,54,748.73,770.2,0,3.0,Silver,0
CUST01304,47.0,male,Bangalore,2022-03-25,21,72562.94,19,0.0,0.0,1,4.0,Platinum,0
CUST01366,43.0,F,Delhi,2015-08-03,102,39091.43,143,274.84,265.97,2,3.0,Basic,0
CUST00673,29.0,Other,Pune,2023-04-14,8,49332.83,11,2260.83,652.39,2,4.0,Gold,0
CUST00271,29.0,Female,Mumbai,2021-09-22,27,63314.42,22,3458.83,4713.16,0,3.0,Silver,0
CUST00931,38.0,Male,Delhi,2023-01-19,11,76889.2,9,3069.07,4026.26,2,3.0,Basic,0
CUST01258,38.0,Male,Lucknow,2023-11-13,1,38629.89,7,0.0,0.0,1,4.0,Basic,0
CUST00839,60.0,Male,Bangalore,2023-12-18,0,37644.67,0,1363.99,1762.95,0,,Silver,0
CUST01418,50.0,Male,Delhi,2022-03-21,21,48396.95,22,3513.43,2359.86,2,3.0,Basic,0
CUST00378,18.0,Female,Hyderabad,2023-06-04,7,44874.59,17,0.0,0.0,1,5.0,Basic,1
CUST00542,28.0,Female,Bangalore,2021-02-25,34,,24,0.0,0.0,0,4.0,Silver,0
CUST00097,22.0,Male,Mumbai,2023-02-04,11,28318.4,11,2864.29,1775.68,0,5.0,Silver,0
CUST01321,29.0,Male,Mumbai,2023-12-07,0,208302.46,0,1996.59,2053.96,1,3.0,Gold,1
CUST00465,25.0,F,Delhi,2022-08-04,17,173467.26,18,813.01,599.35,3,2.0,Basic,0
CUST01384,36.0,Female,Delhi,2023-10-28,2,43366.32,7,574.98,579.3,4,,Silver,0
CUST01009,47.0,nan,Bangalore,2023-07-11,5,106678.15,0,374.78,513.37,2,5.0,Basic,0
CUST00049,46.0,Female,Jaipur,2023-12-06,0,63359.6,0,1822.05,2668.1,2,1.0,Basic,0
CUST00780,22.0,Male,Hyderabad,2023-06-12,6,70328.33,1,1745.05,2579.08,1,4.0,Platinum,0
CUST01121,43.0,female,Delhi,2021-01-16,36,129945.58,36,990.82,414.98,1,4.0,Silver,0
CUST01059,39.0,male,Delhi,2020-03-16,46,75656.44,60,1527.62,1356.61,0,2.0,Basic,0
CUST00154,32.0,nan,Mumbai,2023-06-22,6,41125.25,13,0.0,0.0,2,4.0,Gold,0
CUST00238,36.0,Male,Delhi,2022-03-07,22,79169.61,24,1071.51,1495.0,3,2.0,Basic,0
CUST00055,32.0,Male,Mumbai,2021-05-07,32,59520.68,35,961.79,400.74,0,4.0,Gold,0
CUST00395,46.0,Male,Chennai,2015-08-23,101,18607.34,106,3267.02,1985.86,1,4.0,Silver,0
CUST00124,54.0,Male,Mumbai,2022-12-08,12,42766.89,15,1958.39,1717.84,1,3.0,Basic,0
CUST00356,41.0,M,Mumbai,2021-06-06,31,28899.2,30,3252.05,824.2,2,5.0,Platinum,0
CUST00432,44.0,Female,Kolkata,2021-12-07,25,54622.5,18,0.0,0.0,2,5.0,Basic,0
CUST00135,20.0,Female,Bangalore,2022-08-26,16,91738.29,24,2730.68,1420.11,1,3.0,Basic,0
CUST00269,39.0,Male,Chennai,2023-07-03,6,30210.72,15,1270.61,1790.43,4,5.0,Silver,0
CUST00386,28.0,F,Chennai,2023-02-08,10,33181.5,14,1410.39,777.93,1,5.0,Basic,0
CUST00098,26.0,Female,Lucknow,2019-11-27,49,58713.72,66,838.19,980.91,2,4.0,Gold,0
CUST00221,35.0,Male,Delhi,2023-11-07,1,18515.06,0,1150.44,345.93,2,4.0,Gold,0
CUST00042,45.0,Female,Delhi,2023-11-15,1,47803.21,0,7012.33,6485.21,2,5.0,Basic,0
CUST01016,26.0,M,Jaipur,2022-03-23,21,69010.95,18,2345.12,3067.52,2,4.0,Basic,0
CUST00807,36.0,female,Delhi,2016-10-12,87,342749.61,95,1014.32,857.32,0,4.0,Basic,0
CUST00871,41.0,Male,Delhi,2023-08-19,4,27187.89,0,1545.84,469.65,2,4.0,Silver,0
CUST00514,37.0,Male,Chennai,2022-07-31,17,16429.36,18,3709.68,3010.07,0,4.0,Gold,0
CUST01115,39.0,Male,Delhi,2023-08-03,5,44189.4,6,816.79,346.77,1,3.0,Silver,0
CUST00792,23.0,female,Hyderabad,2023-03-14,9,18922.86,9,1296.77,1511.83,2,4.0,Gold,0
CUST00607,47.0,Male,Delhi,2023-09-03,4,84312.05,1,668.94,230.06,1,4.0,Platinum,0
CUST00013,39.0,Female,Mumbai,2021-03-29,33,21882.84,44,1441.1,1728.81,0,3.0,Gold,1
CUST00505,18.0,Female,Kolkata,2022-04-03,21,44500.8,29,778.5,864.56,2,4.0,Basic,0
CUST01352,45.0,nan,Mumbai,2020-07-28,41,,36,2691.83,2679.19,2,2.0,Silver,0
CUST00729,24.0,female,Kolkata,2021-09-28,27,90200.83,37,2547.29,3410.37,2,4.0,Basic,1
CUST01284,48.0,female,Kolkata,2022-11-07,14,,13,4011.96,4785.48,0,4.0,Basic,0
CUST00653,58.0,Female,Mumbai,2023-04-06,9,21935.79,15,675.88,676.66,3,2.0,Basic,0
CUST00811,36.0,male,Delhi,2020-06-27,42,46247.58,36,0.0,0.0,1,4.0,Gold,0
CUST01265,37.0,Male,Chennai,2022-01-13,23,26985.08,36,1655.07,2329.14,1,3.0,Silver,0
CUST01442,42.0,Male,Pune,2022-11-19,13,39445.9,10,2588.62,3683.61,1,4.0,Basic,0
CUST01331,18.0,Male,Mumbai,2022-08-03,17,100938.76,12,705.22,754.55,2,5.0,Gold,0
CUST01261,50.0,Male,Mumbai,2023-07-08,5,41474.85,0,2170.5,1870.05,1,4.0,Basic,0
CUST00952,43.0,Female,Mumbai,2021-07-14,30,20877.76,27,698.28,958.02,2,4.0,Gold,0
CUST00618,41.0,Female,Ahmedabad,2023-01-31,11,38797.72,15,622.09,924.46,5,4.0,Silver,0
CUST01335,43.0,Male,Mumbai,2022-07-28,17,224827.77,8,607.23,436.13,2,4.0,Basic,1
CUST01018,35.0,male,Mumbai,2023-12-02,1,,2,1742.85,1524.21,1,,Silver,0
CUST01089,46.0,M,Bangalore,2023-07-13,5,42761.5,0,604.27,272.94,1,3.0,Silver,0
CUST01414,53.0,Male,Mumbai,2018-04-11,69,20480.4,81,2438.99,2620.77,1,3.0,Basic,0
CUST00225,39.0,female,Mumbai,2023-11-21,1,222442.79,0,650.35,927.88,1,5.0,Gold,0
CUST00337,30.0,M,Kolkata,2023-03-15,9,29436.35,14,832.49,186.4,0,3.0,Basic,0
CUST00233,42.0,Female,Chennai,2021-11-25,25,68523.44,24,349.32,256.8,0,5.0,Silver,0
CUST00569,45.0,M,Ahmedabad,2023-05-04,8,30056.32,12,0.0,0.0,0,5.0,Platinum,0
CUST00557,29.0,Male,Mumbai,2022-04-23,20,39896.61,14,1488.73,504.34,2,4.0,Silver,0
CUST01039,48.0,Male,Delhi,2023-07-13,5,,11,1933.82,2785.86,1,3.0,Gold,0
CUST00469,51.0,Female,Lucknow,2023-01-22,11,36033.46,4,1792.91,1964.77,1,3.0,Basic,0
CUST00888,33.0,M,Bangalore,2023-07-03,6,30074.34,7,1182.44,593.78,1,3.0,Basic,1
CUST00638,25.0,female,Bangalore,2022-06-12,18,51122.25,32,1151.74,771.82,1,3.0,Gold,0
CUST00298,34.0,Male,Mumbai,2021-10-09,27,84111.24,21,2165.24,2886.5,3,4.0,Basic,0
CUST01065,30.0,Female,Bangalore,2023-07-27,5,51251.48,0,2591.56,2029.02,1,5.0,Basic,0
CUST01072,25.0,Male,Chennai,2023-11-24,1,49385.72,0,1533.93,2282.12,0,5.0,Basic,0
CUST00474,40.0,M,Chennai,2023-03-30,9,25514.83,13,1635.6,2284.67,0,3.0,Silver,0
CUST00692,35.0,Male,Delhi,2021-08-01,29,49372.94,51,472.67,397.06,1,3.0,Platinum,1
CUST00206,37.0,F,Lucknow,2022-04-20,20,29696.12,14,80.13,81.32,2,4.0,Silver,0
CUST00004,49.0,Female,Ahmedabad,2023-07-17,5,26578.08,0,5025.1,4074.67,0,3.0,Basic,0
CUST00946,34.0,nan,Lucknow,2020-07-27,41,97498.69,39,785.96,980.23,1,4.0,Basic,0
CUST01403,36.0,male,Bangalore,2021-11-14,25,48689.83,33,1985.82,1666.5,0,5.0,Basic,0
CUST01383,34.0,M,Mumbai,2021-10-21,26,,38,1202.55,686.19,0,3.0,Silver,0
CUST01064,52.0,F,Ahmedabad,2022-05-16,19,31398.59,24,1730.43,364.52,4,1.0,Silver,0
CUST00736,40.0,Female,Mumbai,2023-12-02,1,43772.05,0,2994.13,1909.3,0,4.0,Silver,0
CUST01070,37.0,Male,Pune,2022-03-24,21,63286.59,24,751.13,307.22,1,5.0,Silver,0
CUST01264,33.0,Male,Jaipur,2020-02-01,47,49621.76,58,0.0,0.0,0,4.0,Basic,1
CUST00784,49.0,M,Jaipur,2022-02-26,22,62021.56,24,1615.64,557.91,2,4.0,Basic,0
CUST01006,42.0,Female,Jaipur,2023-08-28,4,32059.75,9,649.61,818.31,0,4.0,Platinum,0
CUST00748,44.0,M,Mumbai,2021-12-31,24,48974.59,20,638.93,865.67,0,3.0,Gold,0
CUST01216,21.0,F,Jaipur,2023-05-29,7,44200.3,10,732.27,782.3,3,5.0,Basic,1
CUST00718,46.0,Female,Mumbai,2023-11-19,1,65970.22,0,2048.93,1488.01,2,,Silver,0
CUST01498,24.0,male,Lucknow,2018-06-21,67,77533.47,78,0.0,0.0,2,3.0,Silver,0
CUST00972,37.0,Male,Delhi,2022-10-22,14,,21,566.56,660.15,0,4.0,Basic,0
CUST00573,41.0,Male,Mumbai,2022-12-13,12,21016.81,13,1223.43,1314.13,2,5.0,Silver,1
CUST00621,33.0,Male,Bangalore,2022-12-20,12,26132.72,24,2687.0,3322.56,3,5.0,Basic,0
CUST00688,56.0,Male,Chennai,2021-10-27,26,,21,746.67,880.88,0,5.0,Basic,0
CUST00801,28.0,Male,Bangalore,2022-05-08,20,81578.41,20,1692.43,963.7,1,3.0,Basic,0
CUST00669,32.0,Female,Pune,2019-04-03,57,41938.27,49,2434.58,619.96,0,3.0,Silver,0
CUST00158,50.0,Female,Ahmedabad,2023-04-10,8,59765.53,12,0.0,0.0,0,2.0,Basic,0
CUST01228,31.0,Other,Pune,2022-09-02,16,43839.8,12,1035.1,454.18,0,4.0,Silver,0
CUST01298,30.0,Female,Chennai,2022-05-29,19,72894.25,16,2610.57,3383.77,1,4.0,Silver,0
CUST00463,19.0,Male,Pune,2023-06-08,6,49784.66,4,750.91,160.01,1,2.0,Basic,0
CUST00141,43.0,Male,Mumbai,2023-09-26,3,39661.74,5,711.26,951.9,2,3.0,Gold,0
CUST00161,26.0,nan,Bangalore,2018-07-03,66,76539.56,59,935.22,396.81,1,2.0,Gold,0
CUST00306,25.0,Male,Mumbai,2022-01-28,23,57037.81,28,1115.1,1204.3,1,3.0,Silver,0
CUST00396,40.0,Male,Delhi,2018-12-04,61,31555.76,67,871.92,436.01,0,3.0,Basic,0
CUST00400,30.0,female,Kolkata,2022-04-28,20,62451.96,14,910.93,229.94,2,5.0,Basic,1
CUST01154,31.0,Female,Mumbai,2023-10-25,2,62061.71,4,2376.7,2911.92,2,,Basic,0
CUST01198,27.0,Male,Bangalore,2023-01-03,12,97782.79,14,0.0,0.0,0,4.0,Platinum,0
CUST01248,18.0,male,Mumbai,2023-12-22,0,,5,507.79,422.4,2,,Basic,0
CUST01382,18.0,F,Mumbai,2021-03-09,34,22079.85,42,3355.5,1056.49,1,4.0,Basic,0
CUST01288,38.0,Female,Mumbai,2022-05-05,20,35380.98,15,2503.37,2611.81,0,1.0,Basic,0
CUST00759,46.0,Female,Mumbai,2021-07-04,30,34200.54,35,991.4,670.67,2,5.0,Gold,0
CUST00983,41.0,Other,Hyderabad,2023-01-24,11,44045.97,1,1756.26,1614.01,1,2.0,Basic,0
CUST00548,26.0,M,Pune,2022-01-11,24,57836.89,32,1295.62,1462.37,0,5.0,Silver,0
CUST00458,28.0,nan,Mumbai,2015-06-15,104,104098.73,116,1881.53,2694.3,0,1.0,Gold,0
CUST01339,71.0,Female,Bangalore,2022-05-21,19,,20,1695.46,1787.21,0,4.0,Gold,0
CUST00479,38.0,Male,Bangalore,2022-11-16,13,58030.49,15,0.0,0.0,2,5.0,Silver,0
CUST01114,35.0,Male,Bangalore,2023-03-29,9,33533.29,16,2042.32,1565.01,1,3.0,Silver,0
CUST01392,56.0,Female,Kolkata,2023-11-07,1,55558.13,0,532.74,352.45,1,5.0,Silver,1
CUST01087,21.0,Female,Chennai,2022-10-11,14,,6,2250.41,1382.55,1,5.0,Basic,0
CUST01039,48.0,Male,Delhi,2023-07-13,5,,11,1933.82,2785.86,1,3.0,Gold,0
CUST00348,45.0,Female,Lucknow,2022-12-11,12,49372.39,10,0.0,0.0,0,4.0,Gold,1
CUST00447,51.0,F,Mumbai,2022-06-26,18,56141.79,25,1641.78,1814.66,1,5.0,Gold,0
CUST01345,26.0,Male,Chennai,2023-01-12,11,47402.86,8,1149.87,267.43,2,3.0,Silver,0
CUST00380,33.0,Male,Mumbai,2023-11-26,1,21442.69,5,934.08,692.57,0,,Basic,0
CUST01302,18.0,Male,Pune,2020-11-18,37,,39,256.26,146.41,1,5.0,Gold,0
CUST00685,33.0,F,Pune,2023-02-05,11,36088.35,9,1581.67,2031.27,0,5.0,Silver,0
CUST01168,60.0,Male,Bangalore,2023-10-17,2,52095.82,5,3159.37,2018.16,1,2.0,Silver,0
CUST00232,31.0,F,Bangalore,2022-04-13,20,37508.57,26,3169.63,1776.63,0,2.0,Basic,0
CUST00383,19.0,F,Kolkata,2023-06-28,6,118401.21,7,503.05,689.29,3,5.0,Basic,0
CUST00678,43.0,Female,Kolkata,2023-01-29,11,43481.36,16,2415.52,3013.2,1,3.0,Silver,1
CUST00073,27.0,M,Hyderabad,2023-03-23,9,,13,477.68,106.15,2,3.0,Silver,0
CUST00071,23.0,Male,Hyderabad,2023-09-30,3,41880.4,0,1207.67,1013.9,1,4.0,Silver,0
CUST00766,18.0,nan,Chennai,2021-03-15,34,42575.3,30,764.2,601.0,1,1.0,Silver,1
CUST00172,43.0,Female,Delhi,2023-09-01,4,161877.01,0,509.89,544.01,0,3.0,Basic,0
CUST00169,36.0,Other,Chennai,2023-12-22,0,24732.89,0,1459.0,1986.45,4,,Basic,0
CUST00494,43.0,M,Mumbai,2023-04-21,8,67628.24,4,4614.63,5953.39,0,5.0,Basic,0
CUST00586,62.0,Male,Mumbai,2022-10-12,14,10152.75,11,1221.46,1324.03,0,4.0,Basic,0
CUST01019,34.0,Female,Chennai,2017-06-04,80,71290.32,104,1272.17,1001.89,2,2.0,Basic,0
CUST00273,37.0,Female,Mumbai,2023-11-11,1,95382.89,0,1838.95,1746.27,1,,Silver,0
CUST01076,41.0,female,Jaipur,2022-05-07,20,38484.96,20,1968.18,1430.37,1,4.0,Gold,0
CUST00421,39.0,Male,Pune,2022-06-02,19,18815.3,17,1063.52,461.48,1,4.0,Gold,0
CUST00095,18.0,male,Delhi,2022-02-18,22,48794.08,33,464.16,265.25,1,1.0,Silver,0
CUST01027,18.0,Female,Hyderabad,2023-09-27,3,79544.18,2,1732.51,2121.29,3,5.0,Silver,0
CUST01196,62.0,Male,Pune,2021-09-10,28,11968.31,34,1033.37,697.97,0,1.0,Silver,0
CUST00043,30.0,Female,Bangalore,2020-08-24,40,63489.68,51,807.36,872.57,1,3.0,Basic,0
CUST00057,35.0,Male,Mumbai,2019-06-28,54,36786.38,41,485.57,110.21,2,4.0,Silver,0
CUST01200,25.0,Female,Hyderabad,2023-04-04,9,69626.23,11,3012.17,1790.45,1,4.0,Basic,0
CUST00741,50.0,Male,Ahmedabad,2023-04-13,8,32812.77,4,1101.55,1009.54,1,2.0,Gold,0
CUST00039,28.0,Male,Pune,2023-08-23,4,77257.44,0,1808.04,2101.54,2,2.0,Basic,0
CUST00307,34.0,Other,Mumbai,2018-11-30,61,77028.23,83,409.92,282.35,1,5.0,Platinum,0
CUST00666,18.0,nan,Kolkata,2023-04-29,8,30033.65,12,3084.47,2236.9,1,4.0,Platinum,0
CUST01500,24.0,male,Delhi,2021-10-30,26,70730.82,27,912.56,1206.42,1,4.0,Silver,1
CUST00409,18.0,nan,Mumbai,2022-10-31,14,31491.28,4,1358.69,1070.75,1,5.0,Gold,0
CUST00167,49.0,Female,Hyderabad,2019-10-17,51,25984.99,46,583.46,636.46,1,4.0,Basic,1
CUST00535,19.0,Male,Mumbai,2021-02-19,34,37503.18,30,2929.22,2006.27,6,5.0,Gold,0
CUST00872,26.0,Male,Bangalore,2023-04-20,8,26365.68,8,2418.3,2959.52,2,2.0,Gold,1
CUST01430,47.0,Female,Bangalore,2023-10-02,3,,5,409.61,513.71,0,4.0,Basic,0
CUST01071,36.0,Female,Delhi,2023-05-22,7,62406.16,4,2286.9,2912.74,1,4.0,Platinum,0
CUST01420,38.0,Male,Mumbai,2023-09-30,3,,9,3872.17,4615.74,0,3.0,Silver,0
CUST00699,27.0,Male,Bangalore,2021-07-15,30,34586.16,25,29499.81,26693.78,2,5.0,Gold,0
CUST01488,22.0,Male,Hyderabad,2021-09-23,27,83907.33,28,802.02,871.56,1,5.0,Basic,0
CUST00317,39.0,nan,Delhi,2023-03-03,10,54226.42,17,891.54,1107.44,2,3.0,Silver,0
CUST00919,54.0,M,Delhi,2020-05-10,44,37889.34,50,0.0,0.0,2,4.0,Basic,0
CUST01293,33.0,Male,Mumbai,2023-01-08,11,,14,585.33,492.26,2,5.0,Silver,0
CUST00517,46.0,Male,Bangalore,2023-10-07,2,51433.74,13,526.12,256.16,2,,Basic,0
CUST00790,36.0,Female,Delhi,2023-10-21,2,40658.01,0,3502.67,3024.39,2,5.0,Gold,1
CUST00534,43.0,Female,Pune,2022-04-03,21,9477.85,20,760.93,322.74,2,3.0,Silver,0
CUST00709,35.0,M,Pune,2023-07-26,5,49084.05,12,991.32,1444.31,0,5.0,Silver,0
CUST01309,18.0,Female,Mumbai,2022-05-03,20,,21,583.6,508.34,1,2.0,Basic,0
CUST00800,38.0,male,Jaipur,2021-09-09,28,43854.54,33,1140.56,1146.44,3,1.0,Silver,1
CUST00549,46.0,Male,Mumbai,2023-05-14,7,36433.86,13,1751.96,719.97,0,5.0,Silver,0
CUST00454,63.0,female,Bangalore,2023-10-09,2,29727.94,0,266.97,134.72,1,,Gold,0
CUST01227,47.0,male,Bangalore,2022-03-15,21,59311.41,24,1687.18,657.66,0,5.0,Basic,0
CUST00672,41.0,Male,Pune,2021-10-21,26,42574.91,29,1235.19,504.75,2,3.0,Basic,0
CUST00571,21.0,Other,Hyderabad,2020-09-17,40,78320.05,33,652.98,349.88,3,4.0,Platinum,0
CUST01290,48.0,F,Kolkata,2023-07-03,6,21998.42,6,2887.24,2627.19,2,5.0,Basic,0
CUST00062,34.0,nan,Delhi,2022-04-11,21,94029.67,21,582.97,321.55,1,4.0,Gold,0
CUST01038,31.0,Male,Hyderabad,2022-03-06,22,71771.7,14,1158.01,1552.63,1,3.0,Basic,0
CUST00537,32.0,Male,Pune,2019-12-18,49,53578.72,54,922.66,776.83,1,4.0,Silver,0
CUST01490,40.0,nan,Bangalore,2023-04-26,8,54351.02,16,323.82,89.34,0,5.0,Basic,0
CUST01026,34.0,Male,Bangalore,2023-09-08,3,65623.77,3,3464.03,3392.36,2,4.0,Basic,0
CUST00245,64.0,Male,Bangalore,2022-08-01,17,33207.34,21,2004.84,2409.44,0,5.0,Gold,0
CUST00026,34.0,Female,Mumbai,2021-12-10,25,67717.42,24,1068.93,303.74,1,5.0,Silver,0
CUST00223,40.0,Male,Pune,2021-04-29,32,68884.22,40,3415.06,2332.54,0,3.0,Gold,0
CUST01116,39.0,female,Bangalore,2020-05-07,44,54094.53,46,1793.35,1845.56,0,4.0,Silver,0
CUST00106,36.0,Male,Mumbai,2022-12-08,12,49648.29,15,0.0,0.0,3,5.0,Gold,0
CUST00752,34.0,male,Hyderabad,2021-07-19,29,66625.28,29,762.17,1001.85,0,5.0,Silver,0
CUST00510,150.0,Female,Delhi,2020-09-25,39,81350.37,34,1807.27,1934.33,2,5.0,Basic,0
CUST00132,21.0,male,Kolkata,2023-06-08,6,,14,5886.75,3512.7,1,4.0,Gold,0
CUST00445,34.0,Male,Bangalore,2023-12-25,0,,10,864.64,1164.46,1,,Basic,0
CUST00651,60.0,female,Bangalore,2023-07-28,5,58853.21,3,1454.42,2133.01,1,2.0,Silver,0
CUST00509,31.0,female,Bangalore,2014-09-30,112,48282.45,154,841.98,499.83,3,2.0,Basic,0
CUST00331,56.0,male,Bangalore,2022-10-24,14,55270.97,13,0.0,0.0,1,5.0,Silver,1
CUST00076,46.0,Male,Mumbai,2023-05-28,7,,8,2433.97,1578.67,4,4.0,Silver,0
CUST00037,37.0,Female,Mumbai,2023-05-04,8,,14,769.61,767.94,3,4.0,Gold,0
CUST01327,42.0,Female,Mumbai,2021-01-31,35,36597.33,37,1439.6,526.81,2,4.0,Gold,0
CUST00058,56.0,F,Jaipur,2022-06-06,19,13474.85,11,0.0,0.0,0,5.0,Platinum,0
CUST00197,46.0,Male,Chennai,2022-09-21,15,7433.86,14,1438.23,1656.45,1,5.0,Gold,0
CUST01246,39.0,female,Mumbai,2020-10-13,39,17320.51,36,808.22,617.38,0,4.0,Basic,0
CUST00716,23.0,F,Lucknow,2023-11-08,1,28987.58,1,2299.22,2601.62,0,4.0,Basic,1
CUST00846,42.0,M,Mumbai,2023-07-27,5,61550.09,0,173.87,75.74,2,2.0,Gold,0
CUST00670,18.0,Other,Kolkata,2023-09-14,3,70634.49,2,0.0,0.0,0,3.0,Platinum,0
CUST00478,24.0,Male,Mumbai,2023-02-01,11,47533.7,6,700.58,481.76,1,4.0,Basic,0
CUST00087,32.0,female,Ahmedabad,2021-10-04,27,42543.9,36,1913.1,2731.98,0,4.0,Gold,0
CUST00562,42.0,F,Mumbai,2022-08-25,16,40958.25,17,2459.22,1851.7,2,3.0,Basic,0
CUST00335,38.0,M,Jaipur,2021-08-26,28,42522.37,23,1048.99,364.85,1,2.0,Basic,1
CUST01389,42.0,Other,Delhi,2023-11-13,1,38765.33,0,3603.21,2762.24,3,3.0,Gold,0
CUST01487,49.0,Male,Delhi,2022-12-16,12,46075.05,20,2384.45,2177.32,3,4.0,Basic,0
CUST01328,19.0,Male,Bangalore,2022-04-03,21,132084.23,25,5196.1,3789.22,1,5.0,Silver,0
CUST01166,28.0,nan,Hyderabad,2023-11-18,1,23001.75,8,3352.87,2010.15,3,,Basic,0
CUST01171,24.0,Male,Mumbai,2022-05-20,19,85203.53,23,942.05,699.82,0,3.0,Gold,0
CUST00539,18.0,Male,Hyderabad,2023-03-17,9,,5,666.13,547.88,2,5.0,Gold,0
CUST00769,23.0,Male,Mumbai,2021-02-16,34,38702.48,34,1234.96,1698.38,1,4.0,Silver,0
CUST00419,37.0,Male,Delhi,2023-01-31,11,35688.25,9,413.67,240.65,3,4.0,Basic,0
CUST00957,32.0,F,Delhi,2023-02-13,10,63733.72,12,2650.96,2188.97,2,2.0,Basic,0
CUST01408,46.0,Male,Hyderabad,2020-07-01,42,116735.09,49,835.6,648.02,1,4.0,Silver,0
CUST00998,39.0,Female,Mumbai,2023-07-09,5,46830.06,2,0.0,0.0,2,3.0,Gold,1
CUST00574,27.0,Male,Delhi,2023-01-05,12,133874.63,17,5065.86,6345.84,1,3.0,Gold,0
CUST00643,63.0,M,Jaipur,2023-11-10,1,52043.03,7,729.53,879.36,3,2.0,Silver,0
CUST01276,38.0,Female,Kolkata,2022-02-08,23,42411.65,29,771.11,910.8,1,2.0,Platinum,1
CUST00333,30.0,Female,Ahmedabad,2023-01-26,11,39962.48,9,1300.35,1053.6,2,5.0,Silver,0
CUST01079,31.0,nan,Bangalore,2023-11-25,1,79798.32,0,661.77,826.69,1,3.0,Gold,0
CUST00575,40.0,Male,Jaipur,2023-11-28,1,60532.91,0,553.2,614.4,2,,Silver,0
CUST01319,20.0,Male,Lucknow,2020-10-24,38,59460.94,35,2209.89,1619.7,1,4.0,Silver,0
CUST01359,33.0,nan,Delhi,2023-11-28,1,30780.43,13,0.0,0.0,0,,Silver,0
CUST01096,53.0,F,Bangalore,2023-01-28,11,24520.1,8,341.55,387.51,1,1.0,Basic,0
CUST01372,48.0,Male,Chennai,2022-10-12,14,64854.12,20,3419.61,1223.25,1,5.0,Basic,0
CUST01229,130.0,Male,Kolkata,2022-08-25,16,33254.48,10,1256.29,1634.66,2,4.0,Silver,0
CUST01103,45.0,male,Hyderabad,2023-09-23,3,70362.22,18,4362.1,4588.95,1,2.0,Basic,1
CUST01179,42.0,Female,Mumbai,2022-03-31,21,49958.33,17,207.83,275.74,3,4.0,Silver,0
CUST00009,38.0,Female,Pune,2023-01-30,11,,10,2949.96,3121.29,2,3.0,Basic,0
CUST01358,32.0,Male,Mumbai,2023-09-09,3,55448.69,11,2056.16,753.78,0,2.0,Silver,0
CUST01294,18.0,Female,Bangalore,2023-02-21,10,50283.32,10,0.0,0.0,2,5.0,Basic,0
CUST01371,20.0,Male,Pune,2023-10-12,2,152558.18,0,2369.44,688.73,2,,Platinum,1
CUST01022,42.0,Male,Delhi,2020-10-29,38,44503.62,38,1911.52,2356.18,2,5.0,Gold,0
CUST01135,36.0,Female,Ahmedabad,2023-05-11,7,96266.68,14,1225.36,1116.29,0,5.0,Silver,0
CUST00761,53.0,Female,Mumbai,2020-08-03,41,57034.26,40,101.28,145.36,0,4.0,Silver,0
CUST00075,40.0,Male,Delhi,2020-12-22,36,51780.88,30,2766.51,1768.06,2,4.0,Basic,0
CUST00859,18.0,Other,Chennai,2020-04-18,45,71092.64,35,3058.72,3697.77,1,2.0,Gold,0
CUST00523,54.0,nan,Bangalore,2022-01-14,23,57109.88,21,537.57,303.31,0,5.0,Basic,0
CUST00336,23.0,Female,Delhi,2022-04-28,20,75282.54,28,476.72,447.33,2,3.0,Gold,1
CUST00570,40.0,Male,Chennai,2023-07-12,5,58760.47,6,1420.43,1261.24,0,3.0,Basic,0
CUST00591,23.0,Female,Mumbai,2019-03-15,58,98431.86,69,1118.95,837.73,1,5.0,Gold,0
CUST00089,44.0,F,Mumbai,2022-10-18,14,32128.67,16,1447.56,1783.35,0,5.0,Silver,0
CUST00737,47.0,Male,Kolkata,2022-02-25,22,174447.29,20,671.45,569.18,1,4.0,Basic,0
CUST00218,54.0,Male,Mumbai,2022-03-18,21,51138.75,14,1764.08,2011.84,2,4.0,Basic,0
CUST01380,56.0,Male,Chennai,2021-04-29,32,60175.14,31,1214.4,718.45,2,3.0,Basic,0
CUST00174,23.0,F,Delhi,2023-01-11,11,32872.46,5,797.48,254.96,2,4.0,Silver,0
CUST01386,39.0,M,Delhi,2023-12-31,0,66476.05,0,1701.27,1403.78,2,,Platinum,0
CUST00222,41.0,nan,Mumbai,2023-10-08,2,39530.81,5,2993.96,2985.41,1,2.0,Gold,0
CUST00320,24.0,M,Delhi,2022-10-03,15,,21,624.73,636.64,1,5.0,Basic,0
CUST01329,37.0,Male,Mumbai,2023-01-08,11,46028.18,7,829.07,469.2,2,3.0,Gold,0
CUST01348,29.0,M,Bangalore,2023-05-31,7,28360.51,7,1573.71,615.57,1,3.0,Silver,0
CUST00803,42.0,female,Hyderabad,2022-04-05,21,78681.76,28,602.36,648.47,1,4.0,Basic,0
CUST00267,40.0,Female,Jaipur,2017-01-30,84,63152.77,69,1153.73,1551.24,1,4.0,Platinum,0
CUST00007,40.0,Female,Mumbai,2022-12-25,12,63230.93,24,0.0,0.0,1,5.0,Gold,0
CUST01441,30.0,Male,Delhi,2022-10-11,14,,20,2822.64,795.63,2,4.0,Platinum,0
CUST00139,62.0,Female,Mumbai,2022-11-14,13,36817.46,1,892.39,514.21,3,5.0,Basic,0
CUST00164,28.0,female,Mumbai,2021-08-13,29,68489.65,40,205.93,229.47,0,4.0,Silver,0
CUST01413,19.0,Male,Chennai,2022-06-09,19,72340.51,15,1996.77,1751.89,1,5.0,Silver,0
CUST00595,23.0,female,Chennai,2021-05-07,32,90069.61,15,4348.7,4312.75,0,4.0,Silver,0
CUST01422,35.0,Female,Mumbai,2023-08-06,4,101045.31,2,1250.21,716.39,1,1.0,Gold,0
CUST01330,47.0,Male,Chennai,2023-11-19,1,53620.7,0,1040.13,1124.9,0,4.0,Platinum,0
CUST01282,18.0,Female,Mumbai,2023-11-28,1,79091.73,2,2180.82,2289.96,2,,Gold,0
CUST01432,27.0,F,Chennai,2021-10-04,27,212922.1,37,1662.22,1235.77,2,4.0,Platinum,1
CUST00524,36.0,Male,Kolkata,2022-01-27,23,36575.53,23,817.6,298.69,0,5.0,Platinum,0
CUST00956,54.0,Male,Hyderabad,2023-04-22,8,71143.4,14,1987.44,2215.03,1,5.0,Gold,0
CUST00817,33.0,Male,Mumbai,2021-09-27,27,65663.41,39,413.82,586.19,2,4.0,Basic,0
CUST00579,35.0,Male,Kolkata,2023-09-26,3,23996.34,11,1637.36,2221.54,0,3.0,Silver,0
CUST01245,51.0,Female,Chennai,2022-10-10,14,27005.32,14,1194.57,957.47,0,4.0,Gold,0
CUST00020,37.0,male,Delhi,2021-10-09,27,55673.98,28,1436.04,1737.21,3,2.0,Basic,0
CUST01139,37.0,M,Bangalore,2023-07-30,5,29511.53,7,1006.9,1447.2,0,2.0,Basic,0
CUST00634,18.0,Male,Delhi,2022-06-22,18,41506.16,25,2623.99,2540.27,1,5.0,Basic,0
CUST00763,47.0,Female,Chennai,2019-06-22,55,27960.84,75,212.98,72.48,1,4.0,Basic,0
CUST00619,31.0,Female,Hyderabad,2022-10-08,15,51211.58,18,3359.95,3276.01,3,4.0,Platinum,0
CUST01338,46.0,Female,Delhi,2020-12-16,37,54305.25,54,2745.75,2303.28,2,5.0,Gold,0
CUST00656,42.0,Male,Ahmedabad,2022-02-12,22,42122.84,31,1446.88,2088.65,0,5.0,Basic,0
CUST01086,33.0,Male,Pune,2023-12-17,0,21036.79,0,2201.71,1843.49,2,4.0,Basic,0
CUST00937,24.0,Male,Bangalore,2018-10-06,63,48636.67,88,1972.7,2536.53,0,2.0,Platinum,1
CUST00138,48.0,male,Bangalore,2023-03-05,10,11350.28,6,707.33,645.37,1,2.0,Gold,1
CUST00558,26.0,female,Bangalore,2015-08-29,101,,116,2083.87,1435.99,1,4.0,Silver,0
CUST01234,39.0,Male,Delhi,2023-06-05,7,40849.06,1,836.46,970.28,0,4.0,Silver,0
CUST00882,49.0,Male,Chennai,2023-04-24,8,19614.97,7,991.56,1400.83,1,3.0,Silver,1
CUST00864,39.0,Female,Chennai,2020-03-10,46,100200.7,58,3692.22,4752.2,3,4.0,Silver,0
CUST01355,61.0,Female,Pune,2018-05-10,68,27011.11,71,1706.58,1212.73,0,5.0,Silver,0
CUST00369,40.0,Female,Mumbai,2023-01-26,11,34854.4,15,1242.74,1230.92,0,5.0,Basic,0
CUST01417,65.0,nan,Bangalore,2021-05-27,31,,40,3359.21,1621.19,3,4.0,Silver,0
CUST00955,29.0,Female,Mumbai,2022-11-15,13,58243.42,4,1961.6,2102.88,0,5.0,Basic,0
CUST00328,37.0,nan,Kolkata,2021-07-18,29,,45,2752.31,2842.25,1,4.0,Basic,0
CUST00318,30.0,nan,Chennai,2023-08-24,4,81848.95,4,1076.08,793.32,1,4.0,Basic,0
CUST01145,38.0,Female,Bangalore,2022-02-05,23,35199.4,20,1200.72,1663.54,1,2.0,Silver,1
CUST01110,48.0,Female,Chennai,2022-10-19,14,26820.89,8,1598.78,1503.81,0,3.0,Silver,0
CUST00529,41.0,female,Bangalore,2023-01-08,11,40153.39,10,149.8,190.2,3,5.0,Basic,0
CUST00527,55.0,Female,Mumbai,2023-07-24,5,,5,392.11,97.89,3,5.0,Silver,0
CUST00088,38.0,F,Mumbai,2023-02-24,10,54897.69,27,1494.86,509.67,4,5.0,Silver,0
CUST00480,69.0,Female,Bangalore,2023-02-25,10,87875.42,13,851.65,223.09,1,4.0,Silver,0
CUST00339,52.0,male,Chennai,2022-05-31,19,46963.82,16,4721.68,5616.38,2,5.0,Silver,0
CUST00758,48.0,Female,Delhi,2021-05-22,31,24268.75,27,1182.39,292.0,0,4.0,Gold,0
CUST00658,0.0,Other,Chennai,2020-04-02,45,196240.98,37,404.24,454.53,1,5.0,Basic,1
CUST00149,51.0,male,Hyderabad,2021-12-05,25,17606.4,35,572.71,381.81,1,2.0,Silver,0
CUST01218,18.0,Male,Delhi,2021-01-27,35,40160.64,49,737.13,147.99,1,5.0,Gold,0
CUST01391,30.0,Female,Chennai,2020-11-08,38,25193.65,43,1484.36,1663.79,4,5.0,Gold,0
CUST00029,43.0,female,Hyderabad,2021-03-22,33,210239.08,31,828.57,808.35,0,4.0,Basic,0
CUST00247,25.0,Female,Hyderabad,2023-04-20,8,22699.8,15,2259.68,3150.39,0,3.0,Gold,1
CUST00366,56.0,Male,Hyderabad,2018-10-08,63,22091.82,88,370.08,387.26,1,3.0,Basic,0
CUST01451,34.0,Female,Delhi,2022-06-10,19,80597.82,17,784.7,256.7,0,4.0,Basic,0
CUST00881,41.0,male,Chennai,2023-08-10,4,74370.39,2,1161.58,1523.24,0,5.0,Basic,0
CUST01132,35.0,Female,Chennai,2018-07-05,66,39888.34,77,201.6,241.74,0,5.0,Basic,0
CUST00199,38.0,nan,Delhi,2022-06-16,18,36933.87,15,3127.24,2994.61,2,5.0,Basic,1
CUST01165,26.0,F,Delhi,2017-12-29,73,46500.79,103,2459.03,3199.49,1,5.0,Gold,0
CUST00928,43.0,male,Bangalore,2018-12-04,61,,43,789.11,648.2,3,5.0,Basic,1
CUST00405,44.0,Other,Kolkata,2023-01-07,11,47766.23,12,1810.97,1494.61,2,4.0,Basic,0
CUST00798,51.0,male,Hyderabad,2021-06-06,31,59964.46,21,1015.07,211.18,2,3.0,Platinum,0
CUST00484,45.0,Female,Kolkata,2023-03-12,9,22269.36,11,2644.18,2105.71,1,5.0,Silver,0
CUST00159,32.0,M,Hyderabad,2020-03-23,45,,70,2349.03,2506.59,2,3.0,Gold,0
CUST00316,34.0,M,Delhi,2021-10-14,26,34019.51,32,1272.78,1540.68,0,5.0,Silver,1
CUST00257,43.0,M,Delhi,2023-07-12,5,75336.31,20,729.35,642.76,0,4.0,Silver,0
CUST00008,34.0,Female,Hyderabad,2020-05-04,44,49592.58,35,916.49,1285.04,2,5.0,Basic,1
CUST01194,47.0,F,Chennai,2021-11-18,25,86059.94,25,2135.4,2860.68,0,5.0,Platinum,0
CUST00385,19.0,Female,Kolkata,2023-11-29,1,77253.54,1,1024.76,815.76,4,,Basic,0
CUST00178,40.0,F,Pune,2023-06-12,6,26859.03,6,2643.44,3570.93,1,3.0,Gold,0
CUST00755,59.0,male,Delhi,2023-11-28,1,114412.4,0,2934.75,2985.74,1,,Platinum,0
CUST00315,48.0,Male,Hyderabad,2022-12-13,12,,12,0.0,0.0,0,4.0,Platinum,0
CUST00358,41.0,female,Bangalore,2022-06-30,18,81446.7,34,496.1,375.04,0,4.0,Basic,0
CUST00299,18.0,nan,Mumbai,2023-07-24,5,79853.95,0,3020.04,718.65,1,5.0,Basic,0
CUST00456,40.0,female,Bangalore,2023-10-24,2,46435.81,0,0.0,0.0,1,5.0,Silver,0
CUST00544,36.0,F,Pune,2022-05-18,19,153326.38,30,1574.97,1660.54,3,3.0,Gold,0
CUST00663,27.0,Female,Hyderabad,2023-04-08,8,,9,288.28,66.27,1,4.0,Gold,0
CUST00597,32.0,Female,Mumbai,2022-11-21,13,75194.14,18,902.91,988.45,0,5.0,Basic,0
CUST01379,41.0,F,Delhi,2023-03-14,9,63772.55,7,686.02,238.54,2,4.0,Basic,0
CUST00906,63.0,F,Bangalore,2023-08-22,4,,5,0.0,0.0,1,4.0,Basic,0
CUST00528,40.0,Male,Delhi,2020-07-17,42,25196.43,59,1303.43,842.82,2,2.0,Silver,0
CUST01260,32.0,Male,Mumbai,2019-11-04,50,16184.39,40,563.7,670.0,0,3.0,Gold,0
CUST00160,24.0,Female,Ahmedabad,2022-08-08,17,,14,1120.97,1633.33,1,3.0,Gold,0
CUST00936,45.0,Female,Mumbai,2023-06-16,6,,4,2999.83,2292.97,1,4.0,Basic,1
CUST00361,999.0,Female,Kolkata,2022-06-22,18,49769.5,14,655.66,419.07,2,4.0,Basic,0
CUST01326,50.0,M,Delhi,2023-09-01,4,53077.67,0,976.03,710.46,3,5.0,Silver,0
CUST00203,39.0,Female,Pune,2023-04-20,8,83162.69,10,1710.69,1851.73,0,3.0,Silver,0
CUST00916,52.0,female,Delhi,2022-05-19,19,82523.63,15,691.35,1008.05,2,5.0,Silver,0
CUST00778,43.0,Female,Chennai,2023-10-08,2,,0,1800.9,2457.66,1,,Silver,0
CUST00113,31.0,female,Mumbai,2022-06-12,18,32432.9,16,1294.48,1487.11,1,2.0,Basic,0
CUST00894,38.0,Female,Bangalore,2023-12-06,0,134934.14,3,3332.02,3588.82,2,5.0,Basic,0
CUST00308,54.0,Female,Mumbai,2020-08-16,41,23431.67,42,1262.84,1620.99,2,4.0,Basic,0
CUST00852,32.0,Male,Delhi,2022-11-29,13,28611.03,18,174.93,232.97,0,2.0,Basic,0
CUST00423,31.0,female,Delhi,2022-11-03,14,73113.8,19,2651.34,758.56,1,2.0,Platinum,0
CUST00907,35.0,male,Jaipur,2020-01-15,48,24055.8,52,1308.64,1503.08,2,4.0,Basic,0
CUST01243,58.0,Female,Delhi,2022-03-26,21,39032.83,20,1242.28,1315.72,1,3.0,Silver,0
CUST00949,43.0,Other,Delhi,2023-10-03,3,28047.03,8,1611.84,356.03,2,1.0,Silver,1
CUST00460,38.0,Male,Hyderabad,2022-11-03,14,37518.61,11,940.08,738.95,0,4.0,Basic,0
CUST00984,47.0,female,Bangalore,2022-12-15,12,47854.75,9,1787.67,1865.68,0,4.0,Basic,0
CUST01301,39.0,M,Jaipur,2023-06-14,6,77607.34,6,407.78,87.67,0,4.0,Silver,0
CUST01213,36.0,F,Bangalore,2022-05-05,20,78141.54,48,2205.19,893.21,2,4.0,Basic,0
CUST00923,39.0,M,Mumbai,2023-07-09,5,155465.07,11,2784.91,1899.84,1,4.0,Basic,0
CUST00450,43.0,Female,Mumbai,2023-06-30,6,99469.14,12,809.17,948.0,0,4.0,Silver,1
CUST01197,23.0,female,Kolkata,2016-01-13,97,64066.87,115,1148.19,977.71,1,5.0,Silver,0
CUST00680,36.0,Other,Kolkata,2023-06-27,6,72576.16,8,1660.9,960.14,1,3.0,Silver,0
CUST00693,49.0,Female,Hyderabad,2023-07-20,5,49406.26,10,844.84,194.65,1,4.0,Basic,0
CUST01000,48.0,Female,Bangalore,2023-02-10,10,65527.22,5,1733.77,765.98,3,3.0,Silver,0
CUST00081,43.0,male,Mumbai,2022-11-14,13,26010.43,14,3740.45,2103.55,2,4.0,Gold,0
CUST01315,45.0,Female,Pune,2023-02-01,11,29044.05,18,2039.37,2191.08,1,2.0,Basic,0
CUST01346,66.0,Male,Delhi,2021-06-23,30,141697.53,29,4542.91,2519.82,2,5.0,Basic,0
CUST00783,60.0,Male,Delhi,2022-09-18,15,110448.14,23,1557.84,1279.13,1,4.0,Basic,0
CUST00216,50.0,Female,Mumbai,2023-07-07,5,46616.34,12,1533.28,1524.61,0,3.0,Silver,0
CUST01269,46.0,Male,Kolkata,2023-06-15,6,54178.59,11,1445.71,955.95,1,5.0,Basic,0
CUST00031,64.0,Male,Ahmedabad,2023-04-21,8,58615.82,12,910.08,1217.3,0,1.0,Silver,0
CUST00243,18.0,F,Bangalore,2021-04-01,33,33727.29,33,1592.24,916.97,2,1.0,Basic,0
CUST01375,38.0,F,Bangalore,2023-05-02,8,77856.43,10,1713.73,1748.89,2,5.0,Silver,1
CUST00642,46.0,female,Delhi,2023-03-07,10,33418.14,16,1422.86,1033.26,2,2.0,Gold,1
CUST00697,18.0,Male,Mumbai,2022-06-19,18,62823.7,32,1632.94,1787.43,1,4.0,Silver,0
CUST00210,34.0,Female,Mumbai,2020-06-16,43,42542.13,40,230.23,168.1,3,4.0,Basic,0
CUST00836,27.0,female,Hyderabad,2023-02-20,10,16195.24,22,909.07,1313.12,1,2.0,Platinum,0
CUST00771,59.0,Female,Bangalore,2023-10-09,2,61565.15,3,5747.82,4351.8,3,,Gold,0
CUST00753,26.0,Male,Pune,2023-07-05,6,59668.55,2,1546.58,1714.62,6,3.0,Silver,1
CUST01438,18.0,Male,Pune,2023-04-03,9,33248.72,10,862.91,1129.68,1,4.0,Gold,0
CUST00436,31.0,female,Bangalore,2023-07-25,5,37549.46,5,1212.69,1202.29,3,4.0,Silver,0
CUST01318,43.0,Female,Hyderabad,2023-06-08,6,43785.23,2,754.56,498.13,2,5.0,Platinum,0
CUST01410,44.0,Female,Bangalore,2023-03-14,9,47952.95,0,219.63,210.56,3,5.0,Silver,0
CUST01098,44.0,M,Mumbai,2023-11-10,1,13017.28,4,1081.8,1505.99,1,4.0,Basic,0
CUST00076,46.0,Male,Mumbai,2023-05-28,7,,8,2433.97,1578.67,4,4.0,Silver,0
CUST00689,32.0,nan,Chennai,2023-12-21,0,57414.67,2,1732.6,890.95,1,,Gold,0
CUST00552,45.0,Male,Kolkata,2023-08-02,5,47122.35,5,3653.51,864.76,0,3.0,Basic,0
CUST00545,35.0,Female,Delhi,2023-12-31,0,20676.12,1,2426.39,3365.8,0,,Silver,0
CUST01048,45.0,F,Kolkata,2023-07-25,5,32134.08,7,3139.0,3191.5,0,4.0,Basic,0
CUST01055,21.0,nan,Ahmedabad,2020-08-31,40,78453.07,51,1929.77,798.69,1,3.0,Silver,1
CUST00867,22.0,nan,Bangalore,2023-11-23,1,53144.59,0,488.82,194.21,1,3.0,Gold,0
CUST01122,38.0,Other,Mumbai,2022-12-15,12,218284.06,20,1977.42,1638.43,0,5.0,Basic,0
CUST00404,33.0,Male,Delhi,2023-08-07,4,24748.16,0,3272.04,4222.8,3,3.0,Silver,0
CUST01486,28.0,male,Pune,2019-04-20,57,27603.79,79,835.44,914.69,3,3.0,Silver,0
CUST00363,50.0,Male,Delhi,2018-06-26,67,48601.01,58,330.76,229.2,2,4.0,Basic,0
CUST00272,42.0,male,Pune,2023-09-21,3,35012.5,4,0.0,0.0,3,4.0,Gold,0
CUST00467,34.0,Female,Hyderabad,2023-04-11,8,78514.34,3,1033.91,755.57,1,4.0,Basic,0
CUST01343,43.0,nan,Mumbai,2023-02-05,11,24093.06,16,0.0,0.0,0,2.0,Silver,1
CUST01105,25.0,female,Bangalore,2022-10-01,15,47141.22,7,1337.63,1441.66,0,3.0,Gold,0
CUST00976,26.0,Male,Delhi,2021-10-29,26,18288.94,18,3543.64,1039.01,0,4.0,Silver,0
CUST00278,25.0,Female,Hyderabad,2023-12-18,0,39544.99,4,1158.21,1072.7,0,5.0,Silver,0
CUST01341,28.0,Male,Ahmedabad,2023-06-11,6,41481.78,17,994.63,1039.96,1,4.0,Gold,0
CUST01428,49.0,Male,Hyderabad,2023-06-21,6,108536.54,9,781.6,664.39,3,1.0,Silver,0
CUST01254,42.0,F,Chennai,2023-09-03,4,116117.22,1,2181.95,2097.29,0,4.0,Basic,1
CUST00442,42.0,Male,Hyderabad,2022-11-11,13,57710.86,21,2224.95,2880.62,2,3.0,Basic,0
CUST00993,60.0,Female,Kolkata,2020-04-01,45,25541.99,42,726.75,823.53,1,2.0,Basic,1
CUST00787,39.0,Female,Chennai,2023-03-31,9,50481.13,18,314.33,143.48,1,3.0,Platinum,0
CUST01161,24.0,Female,Pune,2020-05-27,43,135116.62,54,1151.92,1505.48,0,4.0,Platinum,0
CUST00443,42.0,F,Pune,2021-05-30,31,33624.42,33,1602.49,437.27,1,5.0,Basic,0
CUST00300,42.0,Male,Bangalore,2021-07-09,30,47636.15,35,2304.24,2546.32,1,5.0,Silver,0
CUST01180,43.0,Male,Delhi,2023-01-21,11,65095.44,19,3482.66,3388.68,2,3.0,Gold,0
CUST00376,66.0,Female,Kolkata,2022-12-16,12,11914.45,16,3241.09,1088.79,1,5.0,Platinum,0
CUST01028,38.0,male,Bangalore,2022-10-01,15,118905.6,19,42847.55,55218.53,4,2.0,Silver,0
CUST01124,35.0,M,Chennai,2023-07-24,5,22150.27,5,1153.15,1330.2,0,4.0,Basic,0
CUST01175,37.0,Female,Hyderabad,2022-11-16,13,77853.88,13,3629.98,1159.84,1,1.0,Basic,0
CUST00994,54.0,Male,Delhi,2023-07-31,5,90335.59,4,1392.86,873.11,0,4.0,Basic,0
CUST00473,35.0,Male,Mumbai,2022-04-01,21,60727.1,29,2366.52,1719.12,1,4.0,Silver,0
CUST00886,41.0,female,Chennai,2021-09-24,27,130185.08,26,858.31,572.43,0,5.0,Basic,0
CUST00564,29.0,Female,Mumbai,2023-08-29,4,63391.8,0,2162.59,1067.73,18,4.0,Basic,1
CUST01365,33.0,M,Mumbai,2023-01-22,11,40678.54,13,0.0,0.0,1,3.0,Basic,0
CUST00751,38.0,Male,Hyderabad,2014-11-08,111,52255.04,104,0.0,0.0,1,3.0,Basic,0
CUST00389,41.0,female,Delhi,2018-05-26,68,105905.99,70,0.0,0.0,2,3.0,Gold,0
CUST00023,53.0,Male,Mumbai,2023-07-17,5,94070.1,10,602.93,203.46,1,3.0,Gold,0
CUST00829,53.0,Male,Mumbai,2023-03-07,10,76449.5,15,941.26,1182.6,0,4.0,Basic,1
CUST00125,48.0,female,Chennai,2023-07-07,5,66219.15,4,1420.79,1126.82,1,2.0,Gold,0
CUST00424,20.0,Female,Delhi,2023-10-02,3,66504.52,4,182.84,73.42,0,3.0,Basic,0
CUST00774,54.0,Female,Hyderabad,2021-07-05,30,37713.89,31,0.0,0.0,2,3.0,Basic,0
CUST01351,35.0,Male,Bangalore,2023-04-26,8,,10,1323.53,1387.64,0,5.0,Silver,0
CUST00471,42.0,Female,Pune,2023-07-02,6,30784.17,9,841.4,449.29,1,1.0,Basic,0
CUST00722,52.0,male,Bangalore,2021-09-06,28,20168.4,35,392.48,311.03,1,5.0,Basic,1
CUST01316,60.0,Female,Delhi,2023-10-02,3,56565.0,10,3730.41,3456.02,0,3.0,Basic,0
CUST01350,37.0,nan,Delhi,2023-02-05,11,111842.76,12,1771.15,1399.78,0,5.0,Platinum,0
CUST00143,18.0,Female,Kolkata,2021-01-20,35,53596.39,48,1476.56,920.01,2,5.0,Gold,0
CUST00051,41.0,F,Mumbai,2020-02-14,47,,43,1189.79,1347.56,1,4.0,Basic,0
CUST01405,31.0,female,Mumbai,2022-07-09,18,,13,10460.17,8601.87,3,4.0,Gold,0
CUST01049,27.0,Male,Mumbai,2021-01-06,36,27132.16,38,339.46,507.25,1,3.0,Platinum,0
CUST00624,31.0,Female,Delhi,2023-09-27,3,43004.5,4,2343.07,2942.65,1,5.0,Gold,0
CUST01091,31.0,Female,Mumbai,2023-08-09,4,31842.23,0,987.34,485.5,2,4.0,Basic,1
CUST00082,30.0,Female,Chennai,2023-01-28,11,59338.61,14,3078.41,2921.31,2,4.0,Basic,0
CUST00704,37.0,Female,Delhi,2020-03-06,46,93656.88,64,460.7,184.15,1,2.0,Silver,0
CUST00483,39.0,Female,Mumbai,2023-12-15,0,54846.04,2,1522.68,2007.43,1,4.0,Platinum,0
CUST00322,36.0,nan,Hyderabad,2022-09-28,15,,22,1118.21,439.21,2,1.0,Silver,0
CUST01308,53.0,female,Hyderabad,2023-01-15,11,19917.71,0,2728.19,3377.19,2,4.0,Silver,0
CUST00506,31.0,nan,Kolkata,2023-05-22,7,152303.07,13,0.0,0.0,2,4.0,Silver,1
CUST01431,35.0,female,Hyderabad,2021-08-16,28,54520.83,15,1456.79,527.17,2,3.0,Gold,0
CUST00842,38.0,nan,Lucknow,2022-05-29,19,61680.47,11,1209.66,1255.26,1,5.0,Basic,0
CUST00067,34.0,male,Delhi,2023-10-04,2,76859.19,0,0.0,0.0,3,,Silver,0
CUST01287,22.0,Female,Jaipur,2023-06-04,7,17565.98,17,1722.95,1526.88,1,1.0,Basic,0
CUST00922,28.0,female,Bangalore,2021-12-02,25,53240.51,18,4331.89,1027.9,0,4.0,Basic,0
CUST01332,25.0,Male,Hyderabad,2021-02-28,34,69639.25,38,204.46,290.04,1,4.0,Platinum,0
CUST00802,25.0,female,Pune,2023-10-12,2,32232.87,9,3166.31,829.32,1,,Silver,0
CUST00857,42.0,male,Kolkata,2021-09-14,27,31438.94,22,0.0,0.0,1,5.0,Gold,0
CUST00032,33.0,male,Delhi,2023-06-11,6,31252.93,12,1547.3,776.62,2,5.0,Silver,0
CUST00796,37.0,Male,Hyderabad,2022-06-09,19,42480.05,18,1098.19,517.33,1,5.0,Basic,0
CUST00418,54.0,M,Mumbai,2023-07-23,5,33314.62,16,6197.82,7303.87,0,4.0,Gold,1
CUST00633,33.0,female,Chennai,2020-06-25,42,154549.8,46,0.0,0.0,0,4.0,Platinum,1
CUST01078,72.0,Male,Ahmedabad,2023-05-04,8,115303.7,16,0.0,0.0,1,4.0,Silver,0
CUST00065,47.0,Female,Jaipur,2023-08-05,4,32188.85,13,1530.61,565.25,0,5.0,Basic,0
CUST00140,73.0,Male,Mumbai,2021-09-29,27,77386.48,33,3125.87,1465.26,1,4.0,Gold,0
CUST01211,49.0,male,Mumbai,2020-11-08,38,62071.95,27,3234.48,2476.91,2,4.0,Silver,0
CUST01396,60.0,nan,Mumbai,2022-01-17,23,14954.99,24,1131.85,1423.79,3,3.0,Gold,0
CUST00078,40.0,female,Delhi,2023-11-27,1,44543.98,0,859.17,1040.53,0,4.0,Basic,0
CUST00492,42.0,nan,Delhi,2023-01-19,11,28373.56,12,0.0,0.0,4,5.0,Gold,0
CUST01482,45.0,Male,Hyderabad,2021-01-21,35,,38,2660.84,3189.44,0,5.0,Silver,0
CUST01141,59.0,male,Pune,2023-10-14,2,61851.86,5,517.9,691.93,2,3.0,Basic,0
CUST00533,33.0,Male,Delhi,2023-05-12,7,88737.58,0,0.0,0.0,0,3.0,Basic,0
CUST00066,48.0,Male,Delhi,2021-01-25,35,128148.22,35,325.46,175.59,0,5.0,Gold,0
CUST01268,46.0,F,Delhi,2023-03-25,9,63476.91,6,1281.36,1043.12,0,3.0,Basic,0
CUST00913,45.0,Male,Jaipur,2023-06-19,6,88863.93,0,2761.45,2717.68,3,5.0,Silver,0
CUST01263,48.0,male,Delhi,2022-02-09,23,70213.82,23,0.0,0.0,1,4.0,Silver,0
CUST00297,42.0,M,Kolkata,2022-12-03,13,30678.41,22,371.49,257.37,0,3.0,Gold,0
CUST00592,41.0,Female,Kolkata,2019-02-21,59,80206.48,44,622.39,746.26,1,4.0,Gold,0
CUST00420,54.0,male,Pune,2020-07-17,42,42874.23,43,1119.25,587.47,3,4.0,Basic,0
CUST00768,31.0,Female,Chennai,2022-08-24,16,26894.7,16,2599.08,3679.34,1,3.0,Silver,0
CUST00439,30.0,Male,Chennai,2022-03-12,22,67090.46,14,1129.01,930.04,2,1.0,Silver,0
CUST00262,35.0,Male,Mumbai,2022-08-18,16,36537.29,22,1428.42,1551.36,0,4.0,Gold,0
CUST00978,33.0,Female,Delhi,2019-02-13,59,87125.66,76,0.0,0.0,0,2.0,Platinum,0
CUST00725,27.0,female,Hyderabad,2020-12-24,36,28478.22,36,1215.32,1633.48,0,3.0,Silver,0
CUST01394,44.0,Male,Delhi,2022-09-03,16,30128.36,12,1891.28,596.0,2,4.0,Gold,0
CUST00282,18.0,Female,Bangalore,2023-12-04,0,28456.04,3,831.29,609.09,0,4.0,Basic,0
CUST00627,33.0,Male,Chennai,2023-07-06,5,13746.47,8,1387.86,1461.55,1,2.0,Silver,0
CUST01035,32.0,Other,Bangalore,2021-03-22,33,57613.46,44,735.51,1008.68,2,5.0,Platinum,0
CUST01279,42.0,nan,Mumbai,2023-11-02,2,91292.56,3,517.42,557.35,0,,Basic,0
CUST01491,31.0,F,Mumbai,2020-03-17,46,67330.01,39,1706.73,1806.7,0,4.0,Silver,0
CUST00189,22.0,Male,Mumbai,2022-03-14,21,32242.75,21,1730.46,1427.7,2,3.0,Silver,0
CUST01209,65.0,Male,Chennai,2023-02-22,10,18848.99,16,1140.82,470.0,1,4.0,Basic,0
CUST00252,42.0,M,Pune,2021-10-07,27,58445.27,25,1108.18,490.88,1,4.0,Basic,1
CUST00584,25.0,Male,Hyderabad,2023-09-17,3,26212.45,0,647.62,267.82,1,5.0,Basic,0
CUST01040,46.0,Male,Chennai,2023-07-18,5,27135.72,0,2158.09,1183.19,1,5.0,Basic,0
CUST01362,49.0,nan,Ahmedabad,2021-06-09,31,21237.64,38,1048.91,301.18,2,2.0,Basic,0
CUST00971,35.0,female,Chennai,2023-03-04,10,78145.67,10,629.16,669.72,2,5.0,Basic,0
CUST00515,47.0,Male,Bangalore,2021-10-14,26,,33,0.0,0.0,4,3.0,Platinum,0
CUST00929,35.0,Female,Mumbai,2023-07-05,6,49177.61,7,1539.38,1941.83,0,4.0,Platinum,0
CUST00954,24.0,female,Delhi,2019-08-04,53,29818.0,64,249.32,138.5,0,2.0,Silver,0
CUST01424,55.0,M,Lucknow,2022-02-08,23,65485.32,26,498.24,517.86,1,3.0,Silver,0
CUST00707,27.0,male,Bangalore,2022-05-27,19,126900.26,15,1752.61,497.66,0,4.0,Platinum,0
CUST00488,43.0,Female,Bangalore,2022-06-22,18,59500.83,35,1464.36,1152.39,3,4.0,Basic,0
CUST00664,34.0,Male,Bangalore,2021-07-23,29,45192.36,22,974.06,1422.31,1,4.0,Basic,0
CUST01140,38.0,Female,Ahmedabad,2023-06-09,6,90749.24,1,1015.15,1004.24,0,5.0,Gold,0
CUST01439,23.0,M,Delhi,2022-06-08,19,105739.98,21,505.54,575.19,2,3.0,Basic,0
CUST00274,63.0,Female,Mumbai,2023-04-26,8,28861.99,0,757.76,10000000.0,1,5.0,Basic,0
CUST00686,32.0,Female,Jaipur,2020-05-28,43,119257.63,61,1200.07,1154.11,1,4.0,Silver,0
CUST01127,59.0,Female,Hyderabad,2023-06-21,6,109608.41,4,2251.45,1800.6,2,4.0,Silver,0
CUST01252,56.0,M,Bangalore,2023-11-06,1,39694.52,0,1780.68,1462.11,2,5.0,Silver,0
CUST00878,35.0,male,Delhi,2018-12-24,61,108871.54,77,2143.94,3192.93,1,4.0,Basic,0
CUST01054,67.0,nan,Hyderabad,2023-08-22,4,35357.21,0,538.51,221.6,1,5.0,Basic,0
CUST01377,45.0,Male,Mumbai,2021-04-24,32,57729.96,36,1602.08,1183.97,1,3.0,Silver,1
CUST00449,51.0,Male,Chennai,2023-10-26,2,44217.89,0,876.61,369.66,1,4.0,Basic,0
CUST00412,18.0,Female,Jaipur,2022-06-30,18,43446.52,23,0.0,0.0,2,5.0,Silver,0
CUST00459,42.0,F,Hyderabad,2022-04-18,20,58977.13,16,1834.96,2417.49,3,3.0,Silver,0
CUST00377,36.0,Female,Delhi,2022-04-14,20,151528.01,12,712.55,211.03,2,3.0,Basic,0
CUST01314,43.0,male,Bangalore,2020-05-23,43,97645.34,48,0.0,0.0,0,5.0,Basic,1
CUST00668,44.0,female,Lucknow,2020-08-31,40,,35,2192.65,876.59,1,4.0,Silver,0
CUST01247,33.0,Male,Mumbai,2018-10-03,63,122955.37,94,1944.64,1449.46,0,4.0,Silver,0
CUST00150,40.0,F,Hyderabad,2023-07-07,5,37233.16,4,1621.48,757.48,2,5.0,Silver,0
CUST00934,58.0,Female,Bangalore,2023-08-02,5,33710.85,6,1655.99,853.78,3,3.0,Platinum,0
CUST01203,43.0,Male,Mumbai,2020-03-15,46,74244.46,37,1680.75,1866.5,0,5.0,Basic,0
CUST00734,36.0,female,Pune,2021-09-19,27,27614.67,37,1768.77,824.85,1,5.0,Silver,0
CUST00219,36.0,Male,Bangalore,2022-12-02,13,33772.19,6,754.01,630.35,1,4.0,Gold,0
CUST00240,32.0,Male,Mumbai,2022-03-22,21,25406.59,19,1533.71,1572.66,2,5.0,Silver,0
CUST01084,39.0,Female,Pune,2021-11-23,25,81578.38,22,1346.56,1720.27,3,1.0,Silver,1
CUST00868,33.0,Female,Kolkata,2023-01-26,11,40671.4,8,386.39,476.7,0,4.0,Basic,0
CUST00726,56.0,M,Jaipur,2022-08-02,17,32235.4,14,2155.25,2922.98,0,4.0,Gold,1
CUST00193,33.0,Male,Delhi,2023-04-11,8,28627.78,14,1358.74,609.85,1,1.0,Basic,0
CUST00793,44.0,Female,Mumbai,2023-04-01,9,35420.8,7,821.43,200.67,0,1.0,Platinum,0
CUST00192,36.0,Other,Jaipur,2022-08-21,16,19166.57,9,985.95,727.59,1,3.0,Silver,0
CUST01250,19.0,female,Pune,2023-05-25,7,28633.9,5,1526.5,814.14,1,3.0,Gold,0
CUST00965,38.0,F,Chennai,2021-10-19,26,56486.81,34,2013.21,1068.07,3,3.0,Silver,0
CUST00986,46.0,M,Bangalore,2023-03-11,9,33658.51,6,2074.01,1276.3,1,3.0,Silver,0
CUST00645,34.0,Other,Bangalore,2023-09-19,3,75069.15,4,1422.58,1407.23,1,3.0,Silver,0
CUST00360,36.0,M,Kolkata,2022-07-01,18,37962.29,26,2634.24,1286.66,0,4.0,Basic,0
CUST00964,37.0,Female,Mumbai,2023-04-17,8,49166.81,5,891.16,1214.74,0,4.0,Platinum,0
CUST01459,59.0,male,Bangalore,2022-07-06,18,63593.18,18,773.82,179.12,1,4.0,Basic,0
CUST00017,42.0,M,Bangalore,2023-05-03,8,33755.49,4,1085.76,1332.62,5,4.0,Silver,0
CUST00334,26.0,Female,Bangalore,2020-09-06,40,72574.48,38,2441.64,3539.71,3,4.0,Basic,0
CUST01212,32.0,female,Mumbai,2023-05-04,8,20782.11,14,6482.33,3702.58,0,3.0,Silver,0
CUST00583,34.0,Female,Hyderabad,2023-05-29,7,38546.58,6,669.84,694.65,2,5.0,Basic,0
CUST01429,46.0,nan,Mumbai,2021-06-30,30,64630.73,28,867.87,436.97,0,5.0,Basic,0
CUST01075,27.0,Other,Bangalore,2023-11-12,1,38392.45,0,218.18,199.83,2,3.0,Basic,1
CUST00840,34.0,Male,Lucknow,2022-12-18,12,160364.7,19,824.53,926.68,3,4.0,Silver,1
CUST00628,54.0,Female,Delhi,2023-02-05,11,83662.48,16,2189.79,3042.76,1,5.0,Silver,0
CUST01463,28.0,Male,Mumbai,2023-12-18,0,44476.64,0,831.12,478.18,2,4.0,Silver,0
CUST00324,47.0,Female,Mumbai,2023-03-03,10,128517.03,8,482.8,418.48,2,5.0,Basic,0
CUST00825,18.0,Female,Bangalore,2023-12-28,0,27152.07,0,1702.68,554.19,1,5.0,Basic,0
CUST01232,25.0,F,Bangalore,2018-02-05,71,61801.82,80,2668.61,546.11,0,3.0,Basic,0
CUST00632,69.0,Female,Delhi,2023-05-17,7,47605.04,4,407.37,522.73,1,5.0,Silver,0
CUST01239,45.0,Female,Mumbai,2022-11-16,13,56326.93,15,650.49,519.49,2,5.0,Platinum,0
CUST01251,50.0,M,Bangalore,2022-01-06,24,145329.75,22,1272.5,777.33,1,4.0,Platinum,0
CUST00779,39.0,Male,Mumbai,2023-11-28,1,83325.73,2,1630.7,1736.66,1,4.0,Platinum,0
CUST01042,50.0,Female,Chennai,2023-05-09,7,35609.17,7,827.11,701.91,0,3.0,Gold,0
CUST00940,48.0,female,Delhi,2023-01-19,11,88919.43,2,1620.95,700.93,1,3.0,Basic,0
CUST00856,38.0,M,Mumbai,2022-11-09,13,,0,675.73,249.87,1,3.0,Silver,0
CUST00438,25.0,female,Kolkata,2020-08-28,40,69358.15,59,818.88,1151.65,1,4.0,Platinum,0
CUST00120,35.0,Other,Chennai,2023-05-31,7,23058.96,4,684.24,217.32,0,5.0,Gold,0
CUST01062,55.0,M,Hyderabad,2022-12-03,13,12897.41,15,944.51,1097.52,3,5.0,Silver,0
CUST01170,34.0,female,Chennai,2023-10-09,2,64972.66,5,642.14,924.0,2,,Silver,1
CUST00791,29.0,F,Bangalore,2022-10-12,14,82514.2,15,3733.79,932.26,1,3.0,Basic,1
CUST00342,42.0,Male,Chennai,2021-10-12,27,,33,761.56,599.64,1,5.0,Platinum,0
CUST00816,42.0,female,Bangalore,2022-12-11,12,23077.28,9,867.53,343.54,1,5.0,Silver,0
CUST00003,47.0,male,Hyderabad,2023-11-27,1,47939.91,0,0.0,0.0,2,5.0,Platinum,0
CUST00230,35.0,M,Hyderabad,2021-01-18,35,30570.75,40,367.64,154.44,2,5.0,Platinum,0
CUST01128,37.0,Female,Lucknow,2022-06-29,18,23677.15,25,766.42,169.17,0,5.0,Silver,0
CUST01449,34.0,Female,Mumbai,2022-11-01,14,83978.55,9,1884.66,2498.87,1,4.0,Silver,1
CUST00077,33.0,Female,Delhi,2021-06-26,30,79655.83,32,6890.77,5030.8,0,4.0,Basic,0
CUST01393,31.0,Male,Delhi,2023-10-03,3,55347.73,2,2799.92,3690.49,2,5.0,Gold,0
CUST01017,39.0,F,Hyderabad,2023-10-29,2,,0,625.34,800.63,1,5.0,Gold,0
CUST01476,36.0,Female,Mumbai,2023-06-13,6,59182.38,1,1402.25,1606.19,0,4.0,Platinum,0
CUST00372,54.0,F,Chennai,2023-09-09,3,38870.46,0,999.87,965.33,2,4.0,Basic,0
CUST00181,54.0,Male,Pune,2020-05-08,44,25245.65,47,1489.33,1482.16,1,5.0,Silver,0
CUST01080,55.0,M,Lucknow,2023-11-10,1,27105.43,0,0.0,0.0,2,,Gold,0
CUST01479,33.0,M,Kolkata,2023-08-25,4,64289.61,5,0.0,0.0,0,4.0,Silver,0
CUST00942,49.0,male,Delhi,2020-11-24,37,32850.09,41,2310.47,2239.94,1,2.0,Platinum,0
CUST00578,53.0,Male,Bangalore,2022-08-07,17,36088.71,11,2128.44,2255.72,2,4.0,Silver,1
CUST00820,24.0,F,Jaipur,2018-08-12,65,56584.77,82,1170.81,1185.91,5,5.0,Basic,0
CUST01099,50.0,female,Bangalore,2022-03-19,21,68792.18,25,551.74,416.28,0,3.0,Basic,0
CUST01117,52.0,Female,Delhi,2022-12-20,12,56827.0,10,1237.08,921.81,3,4.0,Basic,0
CUST01295,41.0,Male,Kolkata,2023-08-22,4,40067.68,7,3688.44,2768.3,1,5.0,Gold,0
CUST01286,41.0,Male,Mumbai,2022-12-02,13,55114.56,13,3413.76,3064.81,1,4.0,Gold,0
CUST00063,40.0,Male,Hyderabad,2022-04-25,20,22368.3,26,1038.3,439.35,0,2.0,Silver,0
CUST00590,57.0,Female,Chennai,2020-12-06,37,15807.14,47,1580.15,795.83,1,2.0,Basic,0
CUST00887,53.0,F,Chennai,2016-07-16,90,164975.73,95,553.27,377.19,0,4.0,Basic,0
CUST00969,49.0,Male,Mumbai,2022-03-28,21,25561.91,20,3258.06,3742.56,2,4.0,Basic,1
CUST01126,35.0,M,Jaipur,2021-04-14,33,66534.14,27,1348.47,1764.74,1,3.0,Basic,0
CUST00786,41.0,M,Bangalore,2022-11-29,13,61839.47,8,2917.15,1639.34,0,4.0,Gold,0
CUST01152,50.0,female,Mumbai,2019-03-21,58,54295.86,51,3096.96,1630.6,1,3.0,Silver,0
CUST00312,43.0,Male,Chennai,2022-09-12,15,56965.09,13,0.0,0.0,2,1.0,Basic,0
CUST01206,30.0,Male,Delhi,2022-07-06,18,14872.58,10,2481.37,2503.0,1,3.0,Basic,0
CUST00302,20.0,Female,Pune,2019-09-22,52,45836.04,65,1188.6,733.32,1,5.0,Gold,0
CUST00723,18.0,Female,Delhi,2022-01-23,23,129284.29,34,0.0,0.0,1,4.0,Gold,0
CUST00690,33.0,male,Mumbai,2022-02-15,22,51474.03,23,2266.33,2801.63,2,5.0,Basic,0
CUST00813,41.0,Female,Bangalore,2023-10-24,2,,4,724.01,744.84,0,,Gold,0
CUST00038,28.0,Female,Hyderabad,2023-05-31,7,35955.06,6,655.5,902.99,0,5.0,Gold,1
CUST00354,48.0,Male,Hyderabad,2021-09-08,28,46271.06,21,3327.48,1620.28,2,5.0,Basic,0
CUST01385,18.0,F,Mumbai,2021-08-16,28,15768.61,20,1387.6,723.79,3,4.0,Gold,0
CUST00715,35.0,Female,Mumbai,2023-02-24,10,72903.14,9,0.0,0.0,1,3.0,Basic,0
CUST00981,44.0,Male,Jaipur,2023-01-07,11,86316.28,12,843.28,856.28,3,5.0,Gold,1
CUST00237,18.0,male,Mumbai,2023-11-16,1,61650.37,0,353.72,268.97,0,,Gold,0
CUST01257,47.0,Female,Hyderabad,2023-01-12,11,56910.4,10,1473.48,1473.07,0,4.0,Gold,0
CUST00963,26.0,nan,Mumbai,2020-06-11,43,22157.8,57,1137.1,1177.81,0,4.0,Silver,0
CUST01195,61.0,M,Hyderabad,2019-07-23,54,48767.08,62,425.26,564.13,1,5.0,Silver,0
CUST00730,25.0,female,Pune,2023-08-11,4,,7,4032.6,5523.95,1,4.0,Basic,0
CUST01242,26.0,F,Ahmedabad,2023-03-09,9,152852.73,5,1649.17,1143.81,1,2.0,Basic,0
CUST01172,18.0,Female,Hyderabad,2022-10-21,14,32360.94,8,1968.77,1928.07,2,4.0,Basic,0
CUST00500,20.0,nan,Delhi,2023-03-07,10,27663.18,11,632.4,441.4,1,5.0,Gold,0
CUST01445,36.0,M,Chennai,2023-07-25,5,78394.65,6,700.01,904.94,4,2.0,Silver,0
CUST00554,62.0,Male,Jaipur,2022-03-13,21,32650.69,26,994.42,706.46,3,1.0,Basic,0
CUST00056,30.0,Other,Jaipur,2022-11-14,13,21507.77,22,1674.43,1961.45,0,4.0,Silver,0
CUST00303,48.0,F,Chennai,2020-10-03,39,46033.65,49,874.38,303.0,0,4.0,Basic,0
CUST00795,18.0,Male,Delhi,2014-12-17,110,33669.64,112,1469.35,1472.31,1,4.0,Gold,0
CUST00287,41.0,nan,Delhi,2023-11-01,2,40419.94,0,1503.16,2192.05,1,,Basic,1
CUST01146,46.0,nan,Mumbai,2023-04-08,8,53893.22,14,1943.74,-500.0,0,3.0,Silver,0
CUST00220,30.0,Male,Delhi,2021-01-28,35,27806.91,47,1350.04,1752.39,1,3.0,Basic,0
CUST00901,43.0,M,Ahmedabad,2023-05-31,7,54876.72,14,1156.79,933.01,0,3.0,Basic,0
CUST00991,48.0,M,Bangalore,2022-10-22,14,19841.11,18,1647.23,1596.58,0,4.0,Silver,0
CUST01029,38.0,female,Mumbai,2022-09-11,15,61270.92,20,475.23,251.61,0,2.0,Basic,0
CUST00935,42.0,nan,Hyderabad,2023-11-13,1,,4,3325.69,4831.46,0,5.0,Silver,0
CUST00388,44.0,male,Lucknow,2021-11-15,25,42305.4,32,468.78,344.18,1,4.0,Gold,0
CUST00305,37.0,male,Bangalore,2023-09-02,4,43791.74,14,1683.36,2457.7,0,5.0,Silver,0
CUST00391,18.0,Male,Chennai,2023-03-09,9,22261.23,16,555.72,427.99,1,5.0,Silver,0
CUST00744,18.0,Male,Delhi,2023-10-25,2,,0,1507.16,1701.77,3,5.0,Basic,0
CUST00353,31.0,Male,Mumbai,2023-03-13,9,76102.18,7,2905.86,933.76,1,4.0,Basic,0
CUST00236,30.0,Male,Hyderabad,2020-10-08,39,108287.61,52,1883.57,838.86,4,2.0,Basic,0
CUST01278,57.0,Male,Chennai,2021-12-27,24,37140.02,29,4213.15,4761.15,3,3.0,Silver,0
CUST00481,41.0,Female,Bangalore,2023-09-22,3,40035.19,6,829.07,1064.09,1,5.0,Gold,0
CUST00568,30.0,Male,Chennai,2022-01-02,24,63247.49,19,414.74,350.47,0,3.0,Basic,0
CUST01262,39.0,Female,Chennai,2023-07-03,6,,11,1289.63,1710.73,0,5.0,Silver,0
CUST01397,45.0,Male,Delhi,2019-02-14,59,85461.91,78,3392.9,4101.64,1,4.0,Gold,0
CUST01173,37.0,nan,Mumbai,2023-07-17,5,32537.7,10,1021.61,1446.71,1,5.0,Silver,0
CUST00121,26.0,female,Hyderabad,2023-09-12,3,72149.02,2,1008.23,980.27,2,5.0,Gold,0
CUST01292,33.0,F,Mumbai,2019-07-23,54,49980.55,59,600.57,314.06,1,4.0,Gold,0
CUST01025,18.0,nan,Mumbai,2022-01-20,23,27305.9,25,2483.54,2549.12,2,5.0,Gold,0
CUST00927,36.0,female,Mumbai,2018-12-19,61,35241.89,61,2758.92,3133.74,1,5.0,Platinum,0
CUST00516,42.0,nan,Hyderabad,2023-07-13,5,,7,727.6,900.46,2,5.0,Basic,0
CUST00224,25.0,Male,Jaipur,2022-05-05,20,32312.34,26,2121.41,1270.5,2,5.0,Basic,0
CUST01106,46.0,nan,Delhi,2023-08-13,4,,5,226.72,107.4,0,5.0,Gold,0
CUST00614,43.0,Female,Kolkata,2023-10-31,2,31620.87,5,1522.38,580.49,1,,Basic,0
CUST00844,37.0,male,Ahmedabad,2022-08-15,16,84538.04,15,1491.96,391.18,2,3.0,Silver,0
CUST00053,21.0,Male,Bangalore,2022-06-21,18,31534.64,31,2524.36,3264.9,0,4.0,Basic,0
CUST01381,53.0,M,Delhi,2016-05-21,92,38964.41,102,1082.98,1353.65,3,4.0,Silver,0
CUST00486,36.0,Male,Mumbai,2020-02-05,47,96137.61,62,1701.88,1509.98,1,5.0,Basic,0
CUST01433,28.0,F,Delhi,2021-04-03,33,54530.35,45,315.22,397.97,2,2.0,Basic,1
CUST00819,41.0,Other,Delhi,2023-06-10,6,20080.76,3,2424.33,2643.88,2,3.0,Silver,0
CUST00156,59.0,Other,Pune,2022-03-16,21,82555.13,29,531.92,584.99,1,3.0,Gold,0
CUST00601,44.0,Other,Pune,2023-11-30,1,49183.76,1,3364.88,2767.88,1,,Basic,0
CUST01201,22.0,male,Delhi,2018-03-15,70,38291.93,78,667.92,835.8,2,4.0,Gold,0
CUST00249,73.0,F,Bangalore,2016-10-06,88,43608.06,83,783.23,287.99,4,2.0,Platinum,1
CUST00762,46.0,Female,Hyderabad,2023-05-07,7,36790.7,17,153.5,175.87,3,3.0,Platinum,0
CUST01369,53.0,F,Mumbai,2022-05-24,19,34981.65,22,1667.51,2180.99,1,4.0,Gold,0
CUST00543,41.0,Female,Bangalore,2023-06-29,6,17554.69,12,0.0,0.0,0,3.0,Platinum,0
CUST00794,43.0,M,Pune,2020-03-06,46,,58,1160.0,1143.4,4,4.0,Platinum,0
CUST01090,35.0,Female,Bangalore,2023-03-28,9,47931.5,1,2978.15,3544.37,2,4.0,Gold,0
CUST00629,26.0,Male,Delhi,2023-01-23,11,32656.72,10,2813.96,1140.65,0,3.0,Basic,0
CUST00151,36.0,Female,Bangalore,2022-09-06,16,81561.26,12,430.1,143.78,2,2.0,Silver,0
CUST00292,40.0,Male,Bangalore,2022-08-24,16,41148.21,30,2103.32,1771.63,0,3.0,Platinum,0
CUST00382,54.0,Female,Mumbai,2022-07-16,17,32748.44,15,948.81,1312.14,5,3.0,Silver,1
CUST00687,47.0,F,Ahmedabad,2021-03-12,34,65375.54,44,2509.52,626.72,0,3.0,Basic,0
CUST00898,28.0,Male,Mumbai,2019-04-17,57,83735.98,51,1439.53,1536.13,1,3.0,Platinum,0
CUST00855,41.0,Female,Mumbai,2021-01-13,36,52127.8,47,1370.95,1721.56,1,4.0,Silver,0
CUST01496,25.0,Female,Mumbai,2018-05-15,68,,102,194.19,268.14,2,3.0,Basic,0
CUST01143,18.0,F,Mumbai,2023-05-09,7,,14,74020.95,59390.34,0,4.0,Gold,0
CUST01267,28.0,female,Pune,2023-11-04,1,90011.1,0,677.19,786.11,2,,Silver,1
CUST00892,31.0,M,Delhi,2022-08-03,17,62279.51,12,975.5,651.02,3,5.0,Gold,0
CUST01499,47.0,Female,Bangalore,2019-05-29,55,56795.53,66,6085.35,7225.93,2,1.0,Silver,0
CUST00616,23.0,Female,Delhi,2023-02-24,10,48498.63,4,1982.54,2676.49,4,5.0,Silver,0
CUST00155,37.0,male,Jaipur,2019-12-04,49,77208.98,39,2076.56,1786.49,1,1.0,Gold,0
CUST01494,25.0,Male,Mumbai,2023-09-10,3,48433.32,5,1278.18,514.82,0,3.0,Gold,0
CUST00323,52.0,Male,Hyderabad,2023-04-18,8,58728.17,17,1154.88,1155.5,0,5.0,Basic,0
CUST01158,56.0,Female,Mumbai,2023-06-19,6,31897.04,3,728.56,715.44,1,5.0,Gold,1
CUST00083,34.0,Male,Mumbai,2023-09-24,3,45128.56,11,1616.26,2410.71,3,3.0,Silver,0
CUST00513,39.0,Female,Ahmedabad,2020-06-07,43,46795.24,42,2285.61,2063.54,1,3.0,Silver,0
CUST01142,18.0,Male,Mumbai,2023-12-12,0,65789.87,2,1882.69,580.56,3,,Basic,0
CUST00930,39.0,Female,Mumbai,2023-11-18,1,,0,4306.41,2060.69,1,,Basic,0
CUST01225,27.0,nan,Pune,2023-04-06,9,89430.69,10,1801.2,2262.65,1,5.0,Platinum,0
CUST00011,49.0,male,Bangalore,2022-03-05,22,30909.36,26,1406.61,1518.56,1,1.0,Basic,0
CUST00832,57.0,female,Mumbai,2021-06-07,31,95321.3,41,256.93,384.54,4,2.0,Silver,0
CUST00033,32.0,female,Chennai,2023-08-09,4,143110.52,7,0.0,0.0,0,4.0,Basic,0
CUST00414,47.0,female,Mumbai,2023-12-03,0,17031.16,4,2694.5,3635.17,2,,Gold,0
CUST00581,18.0,Female,Chennai,2021-10-27,26,30759.35,25,1086.07,1345.95,0,5.0,Silver,0
CUST01160,21.0,F,Pune,2022-08-19,16,40139.86,17,373.27,323.7,0,3.0,Silver,0
CUST01426,27.0,Female,Ahmedabad,2023-09-21,3,18225.19,0,1987.98,2540.91,2,2.0,Silver,1
CUST00615,28.0,Male,Mumbai,2021-03-21,33,49946.47,39,0.0,0.0,2,5.0,Gold,0
CUST01046,28.0,male,Mumbai,2023-06-17,6,79025.29,16,3135.77,4685.53,2,2.0,Basic,0
CUST01015,25.0,Male,Pune,2023-04-12,8,31721.93,3,577.4,861.48,0,3.0,Gold,0
CUST00090,43.0,nan,Hyderabad,2022-12-14,12,115715.08,14,3858.16,4397.69,0,4.0,Gold,0
CUST01273,34.0,M,Pune,2023-11-19,1,61679.53,0,700.72,207.4,0,3.0,Basic,0
CUST00602,31.0,Male,Delhi,2019-11-08,50,29894.22,48,0.0,0.0,1,1.0,Silver,0
CUST00134,35.0,female,Mumbai,2023-12-28,0,63742.32,0,2302.03,1765.9,0,,Platinum,0
CUST00556,34.0,male,Delhi,2020-03-08,46,93572.06,44,1700.26,717.79,4,1.0,Platinum,0
CUST01032,40.0,F,Hyderabad,2023-02-20,10,36791.93,15,905.36,645.05,0,1.0,Silver,0
CUST01174,26.0,Male,Lucknow,2020-07-18,42,117068.44,60,773.81,420.72,1,4.0,Basic,0
CUST00321,47.0,female,Delhi,2021-04-18,32,54584.38,32,1131.18,602.89,1,3.0,Silver,0
CUST01322,31.0,Female,Bangalore,2022-10-18,14,68861.0,17,1935.83,2818.85,0,4.0,Basic,1
CUST01300,26.0,Male,Pune,2022-11-22,13,96830.71,14,5707.27,6931.85,0,5.0,Basic,0
CUST00635,34.0,nan,Mumbai,2022-08-12,16,103085.08,23,581.77,181.2,1,1.0,Platinum,0
CUST00553,42.0,Female,Ahmedabad,2020-05-25,43,34950.05,38,0.0,0.0,2,4.0,Basic,1
CUST01056,56.0,Female,Delhi,2023-06-11,6,60563.74,4,1638.87,882.0,0,5.0,Basic,0
CUST01167,67.0,Male,Delhi,2021-05-14,32,43057.71,34,5764.5,7683.63,3,5.0,Basic,0
CUST00797,50.0,Male,Hyderabad,2023-09-15,3,28866.92,8,3126.72,2440.55,1,3.0,Basic,0
CUST01450,31.0,M,Delhi,2023-06-06,6,42579.17,13,1273.4,513.13,2,4.0,Silver,0
CUST01280,35.0,nan,Delhi,2022-07-26,17,65086.38,19,1468.98,2098.66,0,3.0,Basic,0
CUST00175,23.0,female,Delhi,2023-08-08,4,35224.95,8,138.9,104.63,0,3.0,Gold,0
CUST00767,39.0,Male,Mumbai,2022-07-12,17,20296.44,31,1280.26,264.58,0,4.0,Gold,0
CUST00246,23.0,male,Delhi,2017-07-10,78,32036.29,104,1033.07,1389.35,1,3.0,Platinum,0
CUST01081,41.0,Female,Mumbai,2017-04-06,82,73647.22,97,729.95,1061.41,2,4.0,Basic,1
CUST01299,24.0,Male,Delhi,2023-08-05,4,16830.71,3,564.55,510.88,1,4.0,Platinum,0
CUST00146,33.0,male,Mumbai,2020-04-14,45,64897.79,62,1591.43,1232.9,2,5.0,Basic,0
CUST00091,46.0,Female,Pune,2016-02-28,95,84554.54,84,0.0,0.0,1,3.0,Platinum,1
CUST00683,53.0,Male,Delhi,2020-07-02,42,40261.79,58,712.46,963.12,1,2.0,Gold,0
CUST00311,52.0,nan,Delhi,2023-08-03,5,82441.02,3,1506.77,688.34,1,4.0,Silver,0
CUST00094,37.0,Male,Pune,2021-06-08,31,19943.59,45,1076.18,454.97,1,4.0,Silver,0
CUST01453,37.0,Male,Bangalore,2023-04-30,8,162587.79,14,502.54,652.31,1,4.0,Silver,0
CUST00925,36.0,Female,Mumbai,2023-10-18,2,58397.4,9,1415.59,2088.19,2,5.0,Silver,0
CUST01266,37.0,Male,Bangalore,2021-06-28,30,56169.2,22,1205.03,1293.16,0,3.0,Silver,0
CUST01036,38.0,Male,Delhi,2023-09-30,3,25933.34,0,1342.96,298.65,2,3.0,Gold,0
CUST00244,20.0,female,Mumbai,2023-09-11,3,33764.43,1,2118.73,2301.01,0,3.0,Platinum,0
CUST01112,35.0,Female,Ahmedabad,2023-07-06,5,44586.54,11,1788.31,1887.7,1,3.0,Gold,0
CUST00215,34.0,Other,Mumbai,2023-06-24,6,53492.45,9,3960.12,2137.28,2,4.0,Silver,0
CUST00999,40.0,Male,Ahmedabad,2023-03-27,9,59511.13,0,1558.4,1371.38,2,4.0,Basic,0
CUST00854,38.0,Male,Mumbai,2020-03-08,46,210340.56,52,679.95,209.62,0,4.0,Basic,0
CUST00426,34.0,Female,Bangalore,2022-10-12,14,51632.49,13,1402.09,1318.78,0,5.0,Gold,0
CUST01317,36.0,Female,Chennai,2021-01-24,35,29475.1,46,0.0,0.0,1,3.0,Basic,0
CUST00227,68.0,male,Chennai,2022-07-15,17,107215.71,12,2497.58,1096.02,2,5.0,Basic,0
CUST01222,53.0,Female,Bangalore,2023-03-17,9,56757.61,14,2848.87,1441.42,2,3.0,Silver,0
CUST00001,42.0,Female,Lucknow,2022-05-10,20,59867.29,15,338.18,464.23,1,4.0,Basic,0
CUST00402,40.0,Male,Hyderabad,2023-09-24,3,26858.37,5,2697.75,3374.26,0,4.0,Silver,0
CUST01104,44.0,F,Bangalore,2023-08-18,4,23803.55,10,117.07,-1.0,4,3.0,Gold,0
CUST00085,24.0,Female,Jaipur,2023-07-30,5,91450.41,3,1748.24,1084.76,4,5.0,Basic,0
CUST00163,64.0,Female,Mumbai,2021-02-15,35,47455.84,27,0.0,0.0,3,2.0,Silver,0
CUST00115,39.0,Male,Delhi,2021-09-06,28,,34,1992.71,563.71,2,4.0,Platinum,0
CUST00671,47.0,Male,Kolkata,2022-10-26,14,43791.85,13,2756.76,3717.34,0,5.0,Basic,0
CUST01144,31.0,Male,Mumbai,2023-11-02,2,,2,1368.16,592.3,1,3.0,Gold,0
CUST00890,18.0,F,Bangalore,2023-09-14,3,68547.26,0,4311.59,3695.79,1,5.0,Gold,0
CUST00626,32.0,Female,Delhi,2023-09-04,3,60770.65,5,511.44,360.21,0,2.0,Basic,0
CUST01467,23.0,Other,Bangalore,2021-10-07,27,,38,856.11,1127.62,1,2.0,Silver,1
CUST00953,44.0,Male,Bangalore,2015-03-14,107,18558.46,130,1779.58,1235.39,0,5.0,Silver,0
CUST00808,23.0,Male,Delhi,2019-04-10,57,92292.69,47,1955.28,1426.51,0,5.0,Silver,0
CUST00259,36.0,F,Lucknow,2023-12-01,1,93664.48,0,1070.17,806.61,0,5.0,Gold,0
CUST00625,44.0,Female,Chennai,2022-01-08,24,41061.73,29,1490.17,1416.18,3,3.0,Silver,0
CUST00827,38.0,Female,Delhi,2021-12-18,24,19845.45,21,867.16,1143.22,1,5.0,Silver,0
CUST00235,29.0,Female,Mumbai,2022-12-28,12,57831.19,6,2508.57,2254.68,3,3.0,Basic,0
CUST00136,26.0,male,Jaipur,2018-12-04,61,60934.56,66,94.74,112.81,0,3.0,Silver,0
CUST00617,47.0,Male,Ahmedabad,2021-08-22,28,41620.28,36,1534.41,2068.78,0,3.0,Silver,0
CUST00837,34.0,Male,Ahmedabad,2023-09-13,3,52785.17,1,2514.25,1607.94,1,3.0,Silver,0
CUST00843,59.0,Male,Kolkata,2020-07-14,42,26987.14,30,1669.57,1815.54,1,4.0,Basic,0
CUST00960,43.0,Male,Chennai,2017-04-01,82,,67,1924.84,849.26,0,2.0,Basic,0
CUST00593,60.0,male,Delhi,2023-10-15,2,,12,1131.51,965.91,4,,Gold,1
CUST00344,43.0,female,Bangalore,2023-01-30,11,59153.99,14,1404.17,962.68,2,4.0,Platinum,0
CUST01238,45.0,M,Chennai,2021-11-23,25,61681.36,34,4919.91,1619.51,1,1.0,Basic,0
CUST00294,18.0,male,Delhi,2023-02-10,10,12779.24,7,671.55,322.01,2,2.0,Silver,0
CUST00365,36.0,Other,Mumbai,2023-11-30,1,37154.45,0,1526.1,1910.72,0,2.0,Platinum,0
CUST00179,37.0,M,Hyderabad,2023-02-27,10,,6,586.13,161.14,1,3.0,Basic,0
CUST00660,34.0,Female,Mumbai,2020-09-25,39,26549.01,47,738.02,778.45,1,5.0,Silver,0
CUST00997,47.0,Female,Pune,2022-12-29,12,34421.53,17,3365.23,2587.84,2,4.0,Basic,0
CUST00015,44.0,female,Delhi,2022-12-04,13,69836.37,14,2019.33,2517.18,2,5.0,Silver,0
CUST01111,56.0,Other,Mumbai,2023-08-20,4,75446.04,6,221.41,269.68,0,1.0,Basic,0
CUST00166,27.0,male,Delhi,2022-04-29,20,54928.32,20,1164.09,690.47,1,2.0,Gold,0
CUST01409,38.0,Other,Hyderabad,2023-12-05,0,68997.44,2,2421.21,1755.73,1,,Basic,0
CUST00060,50.0,Male,Hyderabad,2023-12-16,0,36310.82,0,943.41,928.47,2,,Basic,0
CUST00710,46.0,nan,Bangalore,2023-05-16,7,22417.34,5,4371.2,2625.95,0,5.0,Silver,0
CUST00677,67.0,Female,Bangalore,2021-08-26,28,79378.95,35,1557.75,789.3,0,2.0,Basic,0
CUST00781,37.0,nan,Chennai,2022-06-15,18,85424.38,18,3551.97,3325.93,0,4.0,Basic,0
CUST00425,27.0,Female,Jaipur,2023-12-05,0,29079.12,0,4018.11,3877.56,1,,Gold,0
CUST00293,56.0,Female,Ahmedabad,2023-11-07,1,,7,0.0,0.0,1,1.0,Gold,0
CUST01066,37.0,Other,Delhi,2021-07-17,29,27799.42,23,1223.68,671.14,1,2.0,Gold,0
CUST01354,42.0,M,Mumbai,2023-06-12,6,,4,1603.34,2280.81,1,4.0,Gold,0
CUST00330,32.0,Other,Bangalore,2022-03-23,21,128094.7,16,0.0,0.0,1,3.0,Silver,1
CUST00430,43.0,Male,Chennai,2021-05-19,31,51917.81,35,2796.04,4122.0,1,4.0,Silver,0
CUST01013,32.0,Male,Jaipur,2023-05-09,7,,4,1390.9,1470.32,3,5.0,Gold,0
CUST00080,34.0,Female,Mumbai,2022-10-25,14,17269.73,20,2159.48,674.47,0,2.0,Basic,0
CUST01053,39.0,Female,Chennai,2023-10-16,2,43284.2,6,3159.64,3166.33,1,,Basic,0
CUST00938,37.0,Male,Chennai,2023-09-27,3,40539.27,0,1841.57,2385.12,1,3.0,Basic,0
CUST00835,29.0,F,Bangalore,2022-09-06,16,32968.44,17,810.69,750.52,1,5.0,Basic,0
CUST00750,27.0,Female,Chennai,2022-04-12,20,26189.52,20,3055.59,2375.14,1,1.0,Basic,0
CUST00891,28.0,nan,Delhi,2021-01-15,36,61856.69,24,2687.29,1056.81,0,4.0,Basic,0
CUST00255,35.0,M,Mumbai,2023-05-30,7,45587.23,0,2053.83,805.83,0,3.0,Silver,0
CUST01466,38.0,Female,Chennai,2021-09-25,27,42453.8,20,807.41,1021.44,0,4.0,Gold,0
CUST01109,54.0,male,Bangalore,2016-08-28,89,60023.77,105,1778.64,692.77,1,4.0,Basic,0
CUST00137,42.0,female,Delhi,2023-02-19,10,28600.78,7,956.28,299.34,2,1.0,Basic,0
CUST01136,53.0,female,Hyderabad,2022-02-27,22,46650.79,20,1355.46,1417.03,0,4.0,Silver,0
CUST00853,49.0,Male,Bangalore,2022-05-01,20,60075.84,10,813.01,173.45,2,5.0,Platinum,0
CUST00724,20.0,male,Hyderabad,2022-06-05,19,54506.36,29,1573.84,363.32,2,2.0,Silver,0
CUST00860,46.0,female,Delhi,2022-02-26,22,62217.84,28,690.85,183.39,2,4.0,Basic,0
CUST00970,38.0,Male,Chennai,2023-12-31,0,66389.73,0,784.33,1063.45,1,3.0,Gold,0
CUST00497,18.0,male,Chennai,2023-06-16,6,57186.34,12,1338.16,989.73,1,3.0,Gold,0
CUST00951,18.0,Female,Mumbai,2022-03-29,21,,24,1041.81,657.34,0,3.0,Basic,0
CUST00806,51.0,Male,Bangalore,2020-01-01,48,53333.75,63,1979.23,2648.62,2,3.0,Silver,0
CUST00130,27.0,male,Hyderabad,2021-12-22,24,64058.82,30,672.2,300.0,1,4.0,Gold,0
CUST00338,42.0,Female,Ahmedabad,2022-12-07,13,22390.92,20,0.0,0.0,0,4.0,Basic,0
CUST01495,34.0,M,Delhi,2023-07-22,5,,4,2372.02,1523.21,1,4.0,Basic,0
CUST00609,18.0,male,Delhi,2020-10-17,39,48932.65,49,1954.65,1819.97,3,4.0,Silver,0
CUST01149,50.0,nan,Kolkata,2022-08-09,17,43807.51,28,3744.6,1726.63,1,5.0,Silver,0
CUST00196,27.0,Male,Ahmedabad,2021-10-07,27,23869.55,32,600.17,490.83,0,3.0,Silver,0
CUST01481,43.0,Male,Chennai,2023-02-21,10,42382.97,13,1586.71,1626.18,2,4.0,Silver,0
CUST00910,25.0,M,Mumbai,2022-09-27,15,48151.2,24,3234.39,4111.69,0,4.0,Silver,0
CUST00585,47.0,Male,Mumbai,2023-05-05,8,37957.37,10,3545.5,1911.44,0,4.0,Silver,0
CUST00104,47.0,Other,Kolkata,2022-11-03,14,27444.58,21,413.1,509.23,0,5.0,Platinum,0
CUST01387,53.0,Male,Ahmedabad,2023-12-04,0,87483.48,0,1501.51,1934.47,1,,Basic,0
CUST01401,52.0,Female,Bangalore,2022-01-05,24,34564.69,25,1394.81,978.79,1,3.0,Gold,1
CUST00720,26.0,M,Mumbai,2019-08-29,52,13761.83,48,1523.56,782.04,0,4.0,Gold,1
CUST00885,25.0,male,Ahmedabad,2017-05-03,81,49663.17,114,3326.92,1740.59,2,5.0,Basic,0
CUST00777,25.0,Male,Chennai,2015-10-30,99,30649.13,136,818.27,417.07,2,4.0,Silver,0
CUST00850,50.0,M,Ahmedabad,2018-09-19,64,141843.36,91,2071.44,1732.24,4,4.0,Silver,0
CUST00895,34.0,male,Mumbai,2021-11-21,25,,36,558.0,532.9,0,5.0,Platinum,0
CUST00228,61.0,M,Hyderabad,2023-05-25,7,78995.47,8,1676.26,460.42,1,5.0,Gold,0
CUST01411,33.0,Female,Delhi,2022-05-21,19,89811.4,31,1349.83,1027.62,2,5.0,Basic,0
CUST00127,56.0,M,Hyderabad,2023-12-15,0,7755.69,0,1442.44,2115.27,1,,Basic,0
CUST00406,35.0,nan,Hyderabad,2023-10-30,2,,10,0.0,0.0,2,3.0,Silver,0
CUST00776,40.0,Male,Pune,2021-05-10,32,31939.63,36,3993.67,1670.18,2,5.0,Silver,0
CUST00822,55.0,Male,Chennai,2019-12-27,48,84290.65,45,0.0,0.0,1,3.0,Basic,0
CUST00712,46.0,Other,Delhi,2021-01-18,35,46630.05,52,2438.86,944.2,1,5.0,Basic,0
CUST01415,54.0,Other,Kolkata,2021-10-18,26,29587.99,24,1544.4,1028.54,1,4.0,Silver,0
CUST01061,36.0,Male,Mumbai,2023-05-23,7,36467.82,5,2289.73,3308.26,3,1.0,Platinum,0
CUST01164,20.0,Male,Bangalore,2023-09-13,3,61517.7,13,0.0,0.0,0,4.0,Basic,0
CUST00304,34.0,Female,Pune,2022-10-22,14,46769.01,10,0.0,0.0,3,4.0,Basic,0
CUST00268,42.0,male,Chennai,2023-05-13,7,39769.19,10,730.47,648.84,2,5.0,Basic,0
CUST00546,36.0,Female,Pune,2023-04-25,8,63050.95,9,1808.94,1635.21,2,3.0,Silver,0
CUST00213,38.0,nan,Delhi,2020-12-03,37,63329.36,48,5120.25,4913.6,2,2.0,Basic,0
CUST00897,30.0,Male,Mumbai,2023-08-19,4,79018.13,2,870.81,1061.63,0,5.0,Silver,0
CUST01223,43.0,F,Kolkata,2020-03-27,45,41831.03,58,3477.62,2242.76,1,5.0,Platinum,0
CUST00917,55.0,F,Mumbai,2023-02-17,10,15342.77,8,1815.31,1856.56,2,4.0,Silver,0
CUST00676,42.0,Female,Hyderabad,2021-07-24,29,69653.74,25,400.8,338.82,3,5.0,Basic,0
CUST00815,30.0,Male,Mumbai,2021-11-21,25,,21,817.94,1007.56,0,5.0,Silver,0
CUST00343,39.0,Male,Jaipur,2021-04-06,33,,33,2424.97,734.28,0,5.0,Basic,0
CUST00550,46.0,Other,Mumbai,2023-08-30,4,80527.3,7,597.78,637.27,2,5.0,Gold,1
CUST01215,18.0,Female,Delhi,2021-01-21,35,35281.16,53,2450.37,1554.3,3,5.0,Platinum,1
CUST00967,35.0,Female,Mumbai,2022-09-23,15,18936.51,17,470.38,643.29,2,4.0,Basic,0
CUST01231,31.0,Female,Mumbai,2021-12-26,24,35131.89,24,2909.64,1409.1,2,4.0,Basic,0
CUST00296,40.0,Male,Delhi,2023-08-20,4,48912.42,0,1239.58,376.21,1,5.0,Basic,0
CUST00696,29.0,Female,Delhi,2023-05-19,7,40377.6,6,1651.34,2111.41,1,3.0,Basic,0
CUST00074,44.0,nan,Delhi,2020-10-03,39,31281.64,44,1313.4,1330.74,30,4.0,Basic,1
CUST00606,44.0,F,Delhi,2023-06-30,6,111684.42,6,3309.57,2914.72,2,1.0,Silver,0
CUST00105,27.0,female,Mumbai,2023-07-01,6,68790.85,9,1106.78,328.93,0,3.0,Basic,0
CUST00646,36.0,Male,Mumbai,2022-12-21,12,107241.55,10,1081.81,838.56,1,5.0,Basic,0
CUST01470,18.0,Male,Mumbai,2022-10-23,14,,11,451.45,277.28,0,2.0,Basic,0
CUST01041,27.0,Female,Ahmedabad,2022-09-16,15,73303.86,13,1041.41,442.44,0,5.0,Silver,0
CUST00440,43.0,M,Hyderabad,2019-07-16,54,25352.82,40,584.55,279.13,1,4.0,Basic,0
CUST01020,45.0,M,Mumbai,2023-11-22,1,84081.23,3,1668.06,1722.12,1,,Gold,0
CUST00092,37.0,Female,Kolkata,2023-01-17,11,58342.14,8,1399.83,1688.03,0,4.0,Gold,0
CUST01113,24.0,M,Mumbai,2023-02-06,10,68618.47,12,0.0,0.0,1,2.0,Basic,0
CUST01313,30.0,Female,Delhi,2022-07-28,17,95823.52,27,913.88,599.54,3,4.0,Silver,0
CUST00909,39.0,male,Hyderabad,2021-01-07,36,66338.42,39,336.64,463.26,0,4.0,Basic,0
CUST00103,34.0,male,Hyderabad,2020-11-02,38,16128.15,54,762.56,219.68,0,1.0,Basic,0
CUST00239,25.0,Male,Mumbai,2023-09-12,3,27896.66,7,1676.26,885.64,0,3.0,Silver,0
CUST01277,31.0,F,Chennai,2022-08-05,17,48788.67,19,751.41,1018.73,2,3.0,Silver,0
CUST00943,44.0,female,Bangalore,2022-08-03,17,32821.77,35,1910.99,1617.1,1,5.0,Basic,0
CUST00939,49.0,Female,Delhi,2023-06-01,7,42172.79,7,1297.65,783.92,2,5.0,Basic,0
CUST01182,48.0,male,Chennai,2021-11-03,26,54932.14,34,336.33,277.25,1,3.0,Gold,0
CUST00006,22.0,Male,Ahmedabad,2023-08-20,4,25677.19,14,638.45,612.65,1,4.0,Gold,0
CUST01361,33.0,F,Chennai,2014-02-21,120,36974.91,148,1137.79,1637.87,3,5.0,Gold,0
CUST00966,22.0,Female,Delhi,2023-01-21,11,98071.36,3,2851.17,1468.01,3,5.0,Basic,0
CUST00019,49.0,Other,Ahmedabad,2021-07-28,29,34701.73,37,1005.52,1483.21,2,1.0,Gold,0
CUST00122,40.0,female,Mumbai,2022-09-27,15,31557.16,26,1653.44,685.35,2,4.0,Silver,1
CUST00662,38.0,F,Delhi,2023-06-23,6,,6,2037.03,1170.03,2,5.0,Basic,0
CUST01265,37.0,Male,Chennai,2022-01-13,23,26985.08,36,1655.07,2329.14,1,3.0,Silver,0
CUST00275,57.0,M,Delhi,2017-09-02,77,34540.44,106,1516.86,1738.23,2,2.0,Gold,0
CUST00434,18.0,male,Jaipur,2021-02-06,35,23875.16,37,3368.46,4799.38,1,4.0,Gold,0
CUST00812,31.0,Female,Pune,2021-06-27,30,,36,1195.72,1786.07,1,2.0,Silver,1
CUST01402,34.0,Female,Bangalore,2023-09-16,3,41450.09,4,2324.41,1193.23,0,5.0,Gold,0
CUST01454,33.0,nan,Kolkata,2023-10-10,2,99920.97,5,325.95,456.34,0,4.0,Basic,0
CUST00182,41.0,Female,Hyderabad,2023-12-03,0,47803.26,1,1967.41,434.98,0,,Platinum,0
CUST00185,43.0,Female,Bangalore,2021-12-10,25,147812.7,39,3053.28,2032.58,2,4.0,Basic,0
CUST00407,37.0,Male,Chennai,2022-12-16,12,84239.6,3,2247.02,1961.37,0,4.0,Platinum,0
CUST00866,48.0,F,Bangalore,2023-08-14,4,144691.37,4,265.53,280.55,2,4.0,Platinum,0
CUST00521,26.0,nan,Kolkata,2023-01-23,11,32925.09,8,1164.44,345.94,1,3.0,Silver,0
CUST01004,46.0,Female,Delhi,2022-02-12,22,47487.64,13,3124.47,3118.03,0,3.0,Basic,0
CUST00381,39.0,Male,Bangalore,2023-05-30,7,36952.92,12,1115.76,730.08,4,3.0,Silver,0
CUST00428,59.0,male,Chennai,2023-04-18,8,40152.58,8,1315.27,1425.55,3,4.0,Silver,0
CUST00079,46.0,Male,Bangalore,2023-07-09,5,41219.08,4,2271.62,1634.8,5,4.0,Basic,1
CUST01010,43.0,Female,Kolkata,2023-03-09,9,53990.6,16,1298.29,647.08,0,4.0,Basic,0
CUST01477,63.0,male,Bangalore,2021-11-13,25,50764.81,35,1076.14,810.61,1,4.0,Gold,0
CUST00608,43.0,male,Delhi,2023-01-23,11,26119.09,6,266.03,350.48,1,4.0,Basic,0
CUST01334,41.0,Female,Ahmedabad,2023-07-02,6,,6,2094.74,1692.21,2,2.0,Gold,0
CUST01492,38.0,M,Hyderabad,2023-03-08,9,,12,693.46,143.4,0,4.0,Basic,0
CUST01367,24.0,Male,Mumbai,2023-02-16,10,27530.8,14,0.0,0.0,1,4.0,Basic,0
CUST01058,43.0,Female,Chennai,2023-02-24,10,69841.0,13,2772.26,3596.81,0,5.0,Basic,0
CUST01092,38.0,Female,Bangalore,2023-08-16,4,70691.34,0,94.47,140.8,4,2.0,Basic,0
CUST01102,45.0,male,Mumbai,2023-10-06,2,61242.27,3,947.68,319.59,1,,Silver,0
CUST01130,18.0,M,Pune,2023-09-26,3,55136.06,13,1176.94,1681.93,0,4.0,Gold,0
CUST01236,28.0,Male,Mumbai,2022-12-19,12,36138.98,24,1979.17,414.65,1,4.0,Silver,0
CUST01320,52.0,Female,Pune,2023-06-09,6,6340.88,12,0.0,0.0,2,2.0,Basic,0
CUST00959,38.0,female,Delhi,2023-07-17,5,17020.07,0,108.02,63.99,1,3.0,Silver,0
CUST00560,27.0,M,Jaipur,2022-05-12,19,28691.63,25,1134.68,1383.41,2,4.0,Basic,0
CUST00847,76.0,male,Hyderabad,2021-11-09,26,27807.64,19,906.82,389.77,2,4.0,Silver,0
CUST00691,42.0,female,Lucknow,2023-05-16,7,27946.33,1,3184.11,3228.01,3,1.0,Basic,0
CUST01452,44.0,F,Bangalore,2022-11-14,13,,18,1407.45,1438.5,2,5.0,Gold,0
CUST01400,21.0,Female,Mumbai,2020-08-23,40,20826.55,35,668.77,496.06,0,5.0,Silver,0
CUST00437,32.0,Female,Hyderabad,2022-08-19,16,86006.78,30,1002.36,1005.42,1,3.0,Silver,1
CUST00491,51.0,male,Pune,2023-07-11,5,73878.51,0,774.64,522.23,0,2.0,Silver,0
CUST01497,42.0,Other,Mumbai,2020-12-28,36,25010.73,56,796.79,241.92,2,4.0,Platinum,1
CUST01378,40.0,Male,Chennai,2019-08-31,52,41713.57,58,655.87,775.97,2,3.0,Gold,0
CUST00070,36.0,female,Bangalore,2019-07-15,54,70496.27,59,0.0,0.0,0,4.0,Gold,0
CUST00809,34.0,Female,Bangalore,2023-10-19,2,59571.14,2,2308.99,2220.38,0,4.0,Gold,0
CUST01185,38.0,Other,Delhi,2023-07-20,5,36646.02,9,3117.03,3953.18,1,4.0,Basic,0
CUST00012,47.0,nan,Chennai,2022-12-17,12,42271.5,11,663.4,357.68,1,2.0,Basic,0
CUST00145,28.0,Female,Delhi,2022-09-17,15,41063.3,26,789.8,1033.96,3,3.0,Silver,0
CUST00918,44.0,Male,Hyderabad,2023-10-28,2,47356.44,8,0.0,0.0,0,,Basic,0
CUST00640,44.0,Female,Mumbai,2022-01-19,23,32489.79,29,0.0,0.0,3,4.0,Basic,0
CUST00177,57.0,Male,Kolkata,2023-12-31,0,9068.77,4,697.65,953.39,3,,Basic,0
CUST00995,37.0,Female,Kolkata,2022-07-03,18,27913.71,16,3247.92,2400.6,1,3.0,Gold,0
CUST00441,36.0,Other,Pune,2019-04-03,57,35426.36,62,3382.05,5008.26,0,4.0,Basic,0
CUST00522,27.0,Female,Kolkata,2022-05-02,20,71392.34,26,763.5,198.89,2,4.0,Gold,0
CUST01483,39.0,female,Hyderabad,2022-10-19,14,249279.01,13,1388.04,1190.71,1,3.0,Basic,0
CUST01005,38.0,Female,Hyderabad,2023-10-27,2,,5,1275.08,1724.12,2,,Basic,0
CUST01256,30.0,nan,Bangalore,2023-11-04,1,,0,2997.33,4480.97,0,3.0,Basic,0
CUST01235,42.0,Male,Hyderabad,2023-07-28,5,40260.02,4,341.87,222.86,4,4.0,Silver,0
CUST00144,41.0,M,Mumbai,2023-01-19,11,106174.54,13,860.97,1007.29,3,2.0,Silver,0
CUST00754,63.0,Male,Bangalore,2021-06-25,30,69017.86,31,1767.15,1051.86,2,3.0,Gold,0
CUST00520,58.0,Female,Lucknow,2022-09-01,16,28496.78,18,0.0,0.0,1,2.0,Gold,0
CUST00823,24.0,Female,Delhi,2023-04-28,8,66057.56,7,1252.49,758.21,2,5.0,Silver,0
CUST00429,21.0,Female,Bangalore,2022-09-04,16,,8,1060.47,1273.11,0,4.0,Basic,0
CUST00613,21.0,Male,Bangalore,2023-10-31,2,,0,827.51,533.21,1,5.0,Basic,0
CUST01033,32.0,female,Chennai,2019-06-09,55,65134.08,56,1237.0,1039.63,1,4.0,Basic,0
CUST00157,40.0,nan,Ahmedabad,2022-11-03,14,39505.81,8,402.09,515.65,1,5.0,Silver,0
CUST00540,29.0,F,Ahmedabad,2021-02-08,35,,33,2877.02,852.0,0,3.0,Silver,0
CUST01291,40.0,F,Mumbai,2022-04-22,20,13432.95,21,809.97,357.28,1,4.0,Gold,0
CUST00462,28.0,Female,Bangalore,2021-12-27,24,51141.61,33,3516.78,5151.5,1,3.0,Silver,0
CUST00577,54.0,Male,Delhi,2023-06-11,6,27990.93,11,2423.68,1224.37,1,4.0,Gold,1
CUST00256,47.0,M,Jaipur,2023-10-31,2,60876.39,1,1788.4,1016.4,0,4.0,Silver,0
CUST00980,43.0,Other,Pune,2023-02-21,10,23707.24,17,2349.52,740.18,1,4.0,Basic,0
CUST01186,21.0,Male,Lucknow,2022-04-11,21,102466.28,24,1634.55,2428.0,5,5.0,Basic,0
CUST01007,46.0,Female,Hyderabad,2023-04-02,9,18744.12,12,0.0,0.0,0,5.0,Gold,0
CUST00561,37.0,F,Mumbai,2023-07-07,5,41991.76,2,2330.6,2538.91,1,4.0,Basic,0
CUST00209,27.0,female,Bangalore,2021-09-09,28,54285.62,27,1320.26,1079.66,1,2.0,Platinum,0
CUST00911,29.0,Female,Chennai,2022-08-05,17,34930.58,17,881.08,204.86,1,5.0,Silver,0
CUST01312,48.0,F,Jaipur,2022-10-24,14,59564.14,23,1427.08,1230.9,1,2.0,Gold,0
CUST00002,26.0,Male,Bangalore,2023-04-04,9,13427.37,16,1376.37,1021.75,0,2.0,Basic,1
CUST00270,38.0,female,Delhi,2020-04-18,45,68257.12,53,228.16,274.57,4,1.0,Basic,1
CUST00266,50.0,Male,Jaipur,2023-08-30,4,69231.3,0,1555.95,343.27,1,5.0,Basic,0
CUST00915,50.0,Female,Bangalore,2022-09-28,15,48878.99,10,1670.63,364.88,3,2.0,Gold,0
CUST00231,20.0,Female,Kolkata,2022-01-08,24,10546.59,37,1152.11,1620.7,0,3.0,Basic,0
CUST01480,58.0,Female,Pune,2020-08-16,41,41089.53,59,2201.0,3257.56,0,4.0,Gold,1
CUST01120,26.0,Female,Hyderabad,2022-05-24,19,,18,1134.19,784.97,0,4.0,Platinum,0
CUST01475,36.0,Male,Delhi,2022-05-28,19,67292.98,17,5381.65,7363.7,0,1.0,Silver,0
CUST00865,30.0,nan,Kolkata,2018-12-09,61,121453.42,72,0.0,0.0,0,5.0,Silver,0
CUST01067,25.0,female,Kolkata,2023-06-27,6,36023.57,13,1335.14,1156.43,0,4.0,Basic,0
CUST00874,39.0,Male,Hyderabad,2023-10-27,2,44074.44,0,1312.83,1368.87,3,,Silver,0
CUST01344,32.0,Male,Hyderabad,2021-11-27,25,35929.72,20,880.19,1214.2,0,5.0,Basic,0
CUST00399,44.0,Male,Delhi,2022-08-25,16,100735.37,23,1690.22,1163.0,1,3.0,Basic,0
CUST01370,50.0,Female,Delhi,2020-04-21,45,26725.69,54,2055.5,3033.07,1,4.0,Silver,0
CUST00046,41.0,Male,Kolkata,2023-03-16,9,33369.26,3,2123.22,1932.66,0,5.0,Silver,0
CUST00162,29.0,Male,Mumbai,2023-01-09,11,50336.38,10,303.88,115.6,1,5.0,Basic,0
CUST00992,56.0,male,Delhi,2022-08-19,16,59231.29,10,922.0,1290.16,2,3.0,Basic,0
CUST00728,47.0,male,Hyderabad,2023-04-12,8,25344.65,11,1409.91,495.06,1,4.0,Silver,1
CUST00630,18.0,Female,Pune,2023-02-24,10,,8,328.9,198.8,1,3.0,Basic,0
CUST00289,34.0,Male,Delhi,2023-04-08,8,59570.22,8,658.57,642.95,1,4.0,Gold,0
CUST01060,43.0,Male,Ahmedabad,2023-10-19,2,30911.16,4,1615.43,1966.68,1,,Silver,0
CUST01464,44.0,Male,Pune,2023-11-11,1,53170.32,2,383.15,504.45,1,,Basic,0
CUST00576,21.0,Male,Chennai,2023-06-13,6,38118.52,11,953.83,1302.16,2,5.0,Basic,0
CUST00851,34.0,nan,Chennai,2022-11-18,13,65393.93,12,485.59,153.55,2,3.0,Silver,0
CUST01340,35.0,Female,Kolkata,2023-05-05,8,34217.12,3,1172.93,713.05,1,5.0,Silver,0
CUST00912,43.0,M,Lucknow,2021-04-30,32,58553.83,52,709.68,162.19,2,4.0,Silver,0
CUST01255,29.0,male,Hyderabad,2022-09-04,16,72790.91,13,1271.64,1297.69,2,5.0,Basic,1
CUST01363,18.0,Male,Delhi,2022-09-05,16,74654.17,20,2215.45,2106.53,1,4.0,Platinum,0
CUST00933,52.0,Male,Mumbai,2022-12-14,12,47127.95,16,1315.97,627.77,2,4.0,Basic,0
CUST01101,52.0,Other,Delhi,2023-12-14,0,53079.27,1,1048.13,1022.32,1,,Basic,0
CUST01208,27.0,female,Mumbai,2023-05-09,7,29508.08,11,415.36,596.44,1,5.0,Gold,0
CUST00248,60.0,Male,Chennai,2021-12-26,24,19925.34,25,585.82,300.93,1,5.0,Gold,1
CUST00477,51.0,Male,Kolkata,2022-04-16,20,17371.0,21,184.3,268.15,1,4.0,Gold,0
CUST00086,44.0,Female,Bangalore,2021-04-30,32,24043.17,36,1275.36,1060.17,1,5.0,Silver,0
CUST00470,26.0,Female,Ahmedabad,2019-10-27,50,46309.08,60,1613.41,1523.93,2,4.0,Silver,1
CUST00226,41.0,M,Jaipur,2023-11-20,1,83400.65,2,0.0,0.0,2,3.0,Gold,0
CUST00775,38.0,Other,Kolkata,2021-05-30,31,67674.04,45,938.88,281.92,2,1.0,Silver,0
CUST00332,46.0,Male,Mumbai,2022-05-18,19,9995.26,24,1529.41,551.52,2,3.0,Silver,0
CUST00234,52.0,Female,Delhi,2022-12-19,12,53686.14,15,338.59,87.52,1,4.0,Basic,0
CUST00589,41.0,Other,Bangalore,2023-03-26,9,80406.13,14,814.76,508.6,0,4.0,Basic,0
CUST00476,34.0,F,Bangalore,2023-10-05,2,52124.28,2,3858.59,3868.43,2,,Silver,0
CUST01285,39.0,male,Ahmedabad,2023-01-26,11,53680.67,10,4520.9,5429.16,4,4.0,Basic,1
CUST00600,18.0,Female,Mumbai,2023-09-10,3,24972.13,9,516.74,658.75,1,5.0,Gold,0
CUST00422,28.0,male,Chennai,2021-04-05,33,70064.51,33,604.02,226.43,0,1.0,Gold,1
CUST00183,33.0,female,Mumbai,2023-01-21,11,51045.5,4,3296.23,2294.66,2,5.0,Basic,0
CUST00989,34.0,Male,Chennai,2022-03-03,22,89664.87,20,1401.86,1963.64,1,5.0,Basic,0
CUST01001,37.0,Female,Delhi,2023-01-19,11,48851.46,14,2448.92,2342.78,0,3.0,Basic,0
CUST01357,33.0,nan,Pune,2023-11-17,1,191682.45,1,493.71,717.44,2,4.0,Silver,0
CUST00050,39.0,female,Bangalore,2021-10-30,26,40451.36,17,1392.45,1115.12,1,3.0,Silver,0
CUST01407,41.0,male,Lucknow,2021-02-22,34,,39,1024.33,1148.67,0,5.0,Gold,0
CUST01030,51.0,Female,Mumbai,2018-09-30,63,85369.59,44,1224.78,1541.78,2,3.0,Silver,1
CUST00530,57.0,Female,Delhi,2022-07-12,17,60099.43,21,2016.46,1854.97,2,5.0,Platinum,0
CUST01259,59.0,M,Delhi,2022-11-14,13,33959.27,19,821.66,269.05,0,5.0,Basic,0
CUST00487,29.0,Female,Mumbai,2023-09-14,3,100467.59,9,1052.78,1024.26,2,4.0,Silver,0
CUST01462,29.0,M,Bangalore,2023-11-06,1,40266.11,0,3100.25,1702.65,2,,Gold,0
CUST00498,34.0,M,Ahmedabad,2023-12-08,0,17986.28,0,3675.79,1218.67,1,,Gold,0
CUST00107,27.0,Male,Chennai,2023-04-14,8,9736.12,4,268.18,286.83,2,5.0,Basic,0
CUST00444,54.0,nan,Delhi,2022-11-15,13,41480.56,14,0.0,0.0,1,5.0,Gold,0
CUST00647,45.0,M,Chennai,2023-11-08,1,27296.04,10,1230.03,1643.3,3,2.0,Basic,1
CUST01037,50.0,female,Delhi,2022-12-22,12,28883.43,11,626.76,726.05,0,4.0,Basic,0
CUST00727,41.0,M,Jaipur,2022-05-01,20,15777.84,17,1015.89,1066.14,2,4.0,Basic,0
CUST00191,59.0,male,Mumbai,2021-10-01,27,,40,55061.54,75623.67,1,5.0,Platinum,0
CUST00283,49.0,Female,Kolkata,2023-12-23,0,47547.86,2,3606.09,2910.16,1,,Basic,0
CUST00030,43.0,Male,Kolkata,2023-07-18,5,30025.28,12,552.86,450.26,0,4.0,Gold,0
CUST00170,38.0,Female,Mumbai,2022-12-08,12,37825.28,20,896.82,1155.37,1,5.0,Basic,0
CUST01002,29.0,nan,Delhi,2023-10-01,3,22072.01,0,1045.8,1557.15,1,5.0,Gold,0
CUST01205,30.0,Male,Pune,2023-07-01,6,,8,206.6,121.83,0,4.0,Silver,0
CUST00101,33.0,Female,Hyderabad,2023-02-22,10,92475.67,20,1536.99,1328.01,2,5.0,Platinum,0
CUST00198,33.0,Male,Ahmedabad,2022-06-17,18,26203.62,15,0.0,0.0,1,4.0,Silver,1
CUST00496,49.0,Female,Ahmedabad,2023-11-25,1,32828.03,0,1282.6,1368.01,1,,Gold,1
CUST00648,18.0,male,Mumbai,2019-06-22,55,31559.53,61,2672.06,1155.33,1,5.0,Gold,0
CUST00988,42.0,F,Hyderabad,2022-01-01,24,52018.22,17,0.0,0.0,1,1.0,Silver,0
CUST00045,39.0,Male,Ahmedabad,2020-04-11,45,,36,671.65,225.85,0,4.0,Silver,0
CUST00711,38.0,Female,Delhi,2022-09-11,15,130136.44,15,796.19,908.86,2,3.0,Basic,1
CUST00374,48.0,M,Mumbai,2023-05-31,7,47865.14,4,238.55,309.46,0,4.0,Basic,0
CUST00679,43.0,Male,Bangalore,2023-04-02,9,32058.62,19,1985.71,2874.91,0,4.0,Silver,0
CUST00567,36.0,Female,Delhi,2022-10-30,14,18198.32,14,377.64,497.8,1,2.0,Silver,1
CUST00848,48.0,Female,Bangalore,2023-10-14,2,30966.07,13,837.88,1085.71,2,4.0,Silver,0
CUST00461,42.0,Other,Chennai,2020-05-19,44,14053.9,61,289.26,67.2,3,2.0,Basic,0
CUST01156,39.0,F,Delhi,2021-09-17,27,59407.46,29,1902.99,2055.77,2,3.0,Silver,0
CUST00040,46.0,M,Pune,2022-09-14,15,61919.05,10,2007.23,948.26,1,5.0,Silver,0
CUST00435,49.0,Male,Chennai,2023-03-05,10,26247.5,9,1019.3,1432.15,2,4.0,Basic,0
CUST00974,45.0,Female,Mumbai,2022-04-01,21,85505.49,16,4256.87,6043.13,1,5.0,Gold,0
CUST01240,57.0,Male,Ahmedabad,2022-10-31,14,81617.76,18,190.22,245.8,0,4.0,Silver,0
CUST01008,34.0,F,Chennai,2022-03-24,21,48030.16,21,2229.08,2975.88,2,5.0,Basic,0
CUST00457,51.0,Female,Chennai,2023-04-23,8,70883.04,5,918.31,684.04,0,3.0,Basic,0
CUST00261,35.0,F,Mumbai,2023-07-18,5,78881.99,16,933.21,1265.41,3,4.0,Basic,0
CUST00036,52.0,Other,Delhi,2023-10-19,2,66673.11,6,3647.73,1494.43,1,5.0,Gold,0
CUST00828,37.0,Female,Mumbai,2023-10-04,2,14734.97,2,0.0,0.0,0,,Basic,0
CUST00310,59.0,female,Bangalore,2018-01-28,72,17169.49,76,1620.45,591.47,25,5.0,Basic,1
CUST00277,29.0,Female,Bangalore,2022-11-04,14,82549.15,16,1111.5,879.26,3,5.0,Basic,0
CUST00637,36.0,nan,Mumbai,2023-07-19,5,62896.85,2,795.0,1079.0,0,4.0,Silver,0
CUST00655,45.0,F,Bangalore,2019-06-16,55,66539.35,69,0.0,0.0,0,5.0,Basic,1
CUST00623,41.0,Female,Mumbai,2023-03-07,10,27287.09,16,1950.34,2375.44,2,4.0,Gold,0
CUST00845,40.0,Male,Delhi,2023-07-05,6,58633.34,13,1519.74,536.65,1,4.0,Silver,0
CUST00394,44.0,Male,Mumbai,2022-12-06,13,30122.87,21,3648.44,2852.97,0,1.0,Gold,0
CUST00108,34.0,Male,Delhi,2023-07-25,5,103331.57,0,1409.76,1682.44,1,5.0,Basic,0
CUST00350,56.0,Female,Pune,2022-03-30,21,69394.43,18,1802.99,645.39,1,3.0,Gold,0
CUST00525,55.0,Female,Delhi,2023-04-30,8,33197.72,13,84.01,26.11,2,4.0,Platinum,0
CUST00785,38.0,Female,Chennai,2022-12-18,12,89901.4,31,5052.59,6931.0,1,2.0,Basic,0
CUST00048,41.0,nan,Kolkata,2023-11-21,1,26101.5,0,1587.62,546.4,1,,Basic,0
CUST00204,46.0,Female,Kolkata,2023-09-23,3,48465.64,6,4038.11,4690.6,0,5.0,Basic,0
CUST00022,30.0,Male,Bangalore,2023-02-04,11,47475.79,9,1344.54,1177.72,2,4.0,Basic,0
CUST00403,48.0,Other,Pune,2022-09-28,15,19503.5,16,467.03,390.92,1,5.0,Silver,0
CUST01108,28.0,female,Bangalore,2019-10-09,51,88644.91,59,311.59,206.68,1,2.0,Silver,1
CUST01155,46.0,female,Mumbai,2023-03-13,9,64646.41,7,1793.88,2672.64,2,5.0,Basic,0
CUST00990,32.0,nan,Mumbai,2022-06-14,18,,12,2372.51,1559.86,1,4.0,Basic,0
CUST00742,52.0,Other,Jaipur,2017-08-21,77,46727.69,62,1534.48,1372.2,3,2.0,Platinum,1
CUST01311,24.0,nan,Hyderabad,2023-03-14,9,61875.66,11,0.0,0.0,0,5.0,Platinum,0
CUST01148,33.0,female,Chennai,2022-07-27,17,78423.74,26,1720.11,484.61,2,4.0,Basic,0
CUST00034,28.0,nan,Chennai,2021-06-18,30,83457.75,30,4376.04,4010.74,2,3.0,Platinum,0
CUST00788,36.0,female,Bangalore,2022-06-02,19,41556.72,9,844.6,730.68,1,2.0,Basic,0
CUST00924,31.0,M,Bangalore,2019-02-13,59,40362.1,74,1423.35,725.11,1,4.0,Basic,0
CUST01044,39.0,Female,Mumbai,2022-02-15,22,,32,981.04,598.73,1,3.0,Basic,0
CUST01447,66.0,female,Kolkata,2023-03-14,9,61137.94,19,689.88,714.72,2,4.0,Silver,0
CUST01244,32.0,nan,Lucknow,2023-02-13,10,28996.61,13,638.29,686.23,1,5.0,Gold,0
CUST00580,42.0,Female,Hyderabad,2023-04-18,8,83286.96,11,227.54,136.76,6,4.0,Gold,0
CUST00482,55.0,female,Mumbai,2023-01-01,12,80560.44,5,450.43,314.64,0,4.0,Silver,1
CUST00932,43.0,Male,Mumbai,2023-08-27,4,58939.4,0,590.67,847.89,2,3.0,Basic,0
CUST00357,41.0,Male,Kolkata,2022-12-19,12,60483.6,26,2409.49,3442.17,1,5.0,Basic,0
CUST01249,36.0,nan,Chennai,2022-08-21,16,70294.38,8,1479.33,962.51,0,3.0,Basic,0
CUST00760,43.0,Female,Mumbai,2022-04-04,21,42968.45,18,1371.62,1180.38,3,5.0,Gold,0
CUST00093,33.0,Other,Mumbai,2020-02-20,47,143851.83,57,1153.75,1092.99,1,5.0,Silver,0
CUST01176,19.0,Female,Mumbai,2022-05-21,19,38775.25,20,995.33,1438.69,1,2.0,Basic,0
CUST01416,28.0,male,Bangalore,2023-07-15,5,41568.07,4,947.25,538.34,1,3.0,Platinum,0
CUST01342,43.0,Male,Delhi,2023-12-31,0,19487.61,0,1643.29,896.21,2,2.0,Gold,0
CUST00804,43.0,Male,Delhi,2022-04-10,21,80284.96,24,0.0,0.0,2,1.0,Gold,0
CUST00746,49.0,nan,Delhi,2021-02-24,34,56239.91,29,2296.57,1280.66,0,2.0,Silver,0
CUST00280,41.0,male,Chennai,2023-05-31,7,53791.75,10,4211.73,3056.69,2,5.0,Silver,0
CUST00765,42.0,Other,Pune,2023-10-14,2,18202.12,2,1083.87,951.84,2,,Basic,0
CUST00605,30.0,Male,Kolkata,2023-09-01,4,13680.7,3,301.31,107.93,0,3.0,Basic,0
CUST01489,42.0,Male,Bangalore,2022-09-25,15,69895.17,13,173.83,150.44,2,4.0,Gold,0
CUST01374,19.0,Male,Mumbai,2023-11-30,1,83286.33,1,4129.62,1289.29,1,,Basic,0
CUST01399,45.0,Male,Ahmedabad,2015-10-11,100,48012.0,119,4374.74,2227.29,1,5.0,Platinum,0
CUST00401,36.0,Other,Delhi,2021-08-03,29,54856.75,25,1138.54,1430.15,1,5.0,Silver,0
CUST00258,33.0,Male,Delhi,2023-02-06,10,46335.56,11,2215.96,1683.5,1,3.0,Silver,0
CUST00945,41.0,M,Lucknow,2023-07-27,5,,1,2639.94,2411.46,1,4.0,Basic,0
CUST01097,57.0,male,Bangalore,2022-03-29,21,28664.94,25,270.35,217.91,0,4.0,Silver,0
CUST01220,54.0,Male,Hyderabad,2020-11-29,37,54244.05,24,2062.35,845.0,2,4.0,Silver,0
CUST01162,34.0,Other,Mumbai,2022-07-15,17,109678.58,11,1945.35,441.82,4,5.0,Basic,1
CUST00495,34.0,male,Delhi,2021-05-05,32,38890.17,20,4423.68,2495.55,0,3.0,Gold,0
CUST00773,41.0,male,Delhi,2018-08-17,65,35254.34,82,3073.91,3446.16,3,4.0,Silver,0
CUST00551,43.0,Female,Lucknow,2023-02-15,10,19221.4,9,1550.92,1118.09,0,3.0,Silver,0
CUST00202,55.0,male,Delhi,2020-06-24,42,33923.88,45,0.0,0.0,2,3.0,Basic,0
CUST00313,59.0,Female,Bangalore,2022-12-06,13,66380.63,12,1308.25,957.07,3,3.0,Gold,0
CUST00291,35.0,Male,Delhi,2021-10-13,27,44638.94,35,557.45,728.43,0,4.0,Silver,1
CUST01214,29.0,F,Jaipur,2023-09-19,3,70309.51,9,882.81,848.38,2,2.0,Platinum,1
CUST00764,46.0,M,Jaipur,2021-06-06,31,24030.54,37,1823.92,1079.49,2,3.0,Basic,0
CUST01137,39.0,female,Mumbai,2020-10-24,38,62513.89,52,2537.61,3283.82,1,4.0,Silver,0
CUST00950,18.0,Other,Delhi,2022-08-20,16,41751.58,14,1076.6,384.4,4,3.0,Basic,0
CUST00184,51.0,Male,Hyderabad,2023-09-27,3,81444.34,1,630.32,853.78,1,4.0,Platinum,0
CUST01177,29.0,female,Mumbai,2023-06-01,7,45966.74,12,1859.92,1725.59,1,4.0,Silver,0
CUST01350,37.0,nan,Delhi,2023-02-05,11,111842.76,12,1771.15,1399.78,0,5.0,Platinum,0
CUST01069,55.0,male,Bangalore,2021-10-10,27,54321.12,28,1241.77,765.65,0,5.0,Platinum,0
CUST01469,21.0,F,Mumbai,2021-05-14,32,75355.99,39,1189.29,1358.01,1,4.0,Basic,0
CUST01031,52.0,M,Bangalore,2023-11-23,1,41015.82,0,332.3,145.12,1,,Basic,0
CUST00251,34.0,Female,Jaipur,2023-06-11,6,95253.36,8,2226.76,2530.64,0,5.0,Platinum,0
CUST00824,18.0,Female,Chennai,2023-12-27,0,67437.17,0,1965.68,1367.2,0,4.0,Gold,0
CUST01100,53.0,Female,Bangalore,2023-01-06,12,23686.82,16,0.0,0.0,3,5.0,Silver,0
CUST00941,41.0,Female,Mumbai,2021-10-14,26,102241.9,14,1075.29,727.42,0,4.0,Silver,0
CUST00392,39.0,Female,Delhi,2020-09-30,39,15239.06,39,1090.31,533.93,2,3.0,Gold,0
CUST01457,66.0,M,Bangalore,2023-10-02,3,69261.31,2,2268.11,1605.87,0,5.0,Basic,0
CUST01093,48.0,Male,Kolkata,2023-08-02,5,,1,1678.02,2050.7,0,4.0,Silver,0
CUST01192,50.0,Male,Bangalore,2021-03-22,33,121982.47,42,1642.31,1642.1,0,3.0,Silver,0
CUST00905,31.0,M,Delhi,2021-10-08,27,46712.21,22,241.44,354.77,1,2.0,Silver,1
CUST00731,43.0,Male,Bangalore,2021-11-24,25,75798.81,22,441.47,203.68,0,3.0,Silver,0
CUST00555,37.0,Male,Bangalore,2022-05-02,20,63401.87,28,984.19,957.52,0,5.0,Gold,0
CUST00367,29.0,Male,Mumbai,2020-10-09,39,160521.83,56,1519.31,1954.8,1,5.0,Silver,0
CUST00346,18.0,Male,Mumbai,2017-08-20,77,19263.56,89,1412.52,756.72,1,4.0,Gold,0
CUST00536,46.0,Female,Pune,2022-06-14,18,33788.67,33,312.81,199.5,4,4.0,Silver,0
CUST01423,43.0,Female,Hyderabad,2023-03-03,10,26312.61,15,115.51,172.04,2,4.0,Basic,0
CUST01210,42.0,Other,Kolkata,2023-07-16,5,50337.92,0,3799.83,4126.03,0,5.0,Gold,0
CUST01373,43.0,female,Mumbai,2022-01-10,24,69108.78,26,1704.6,1645.26,0,3.0,Silver,0
CUST00920,18.0,Male,Delhi,2022-07-21,17,45238.42,19,3108.12,1258.16,1,5.0,Gold,0
CUST00212,22.0,Male,Mumbai,2023-05-06,8,88888.37,8,1749.84,2037.85,1,5.0,Gold,0
CUST00503,29.0,Female,Lucknow,2022-08-02,17,41829.15,15,556.52,141.4,2,3.0,Basic,0
CUST00538,52.0,F,Bangalore,2022-12-28,12,68665.15,18,686.76,759.89,0,4.0,Basic,0
CUST01221,37.0,nan,Bangalore,2023-06-15,6,61532.83,2,793.46,419.15,3,5.0,Gold,0
CUST00176,40.0,Male,Delhi,2022-06-11,18,132632.62,23,961.12,741.84,1,2.0,Basic,0
